pair_hxy_threshold,divergence_lookback,divergence_threshold,Mean_Return,Std_Dev,Downside_Deviation,Sharpe_Ratio,Sortino_Ratio,Max_Drawdown_%,Calmar_Ratio,Profit_Factor,Gross_Profit,Gross_Loss,case_number
0.35,3,0.01,-26.16315290984037,22.018288658733596,17.88611,-1.1882,-1.4628,70.73,-0.3528,0.7278,289.2417597997324,397.4243206412153,1
0.35,3,0.02,-31.516421502224507,22.650930552606326,18.847915,-1.3914,-1.6721,77.39,-0.3745,0.68,276.94193505482286,407.2598366632274,2
0.35,3,0.03,-25.261495861665967,18.827197033160527,14.258858,-1.3418,-1.7716,70.2,-0.3376,0.7171,264.7748042687124,369.2290847760772,3
0.35,3,0.04,-35.15670616575699,19.969797871563276,16.139629,-1.7605,-2.1783,80.92,-0.3839,0.6389,257.2440175371252,402.6142073177553,4
0.35,3,0.05,-36.506627425292706,19.777169310700298,16.102278,-1.8459,-2.2672,82.76,-0.3862,0.607,233.18691799392556,384.13892504612795,5
0.35,3,0.06,-30.97841456660287,20.613356828322047,16.859285,-1.5028,-1.8375,80.39,-0.351,0.6442,231.9294055776159,360.0226912061881,6
0.35,3,0.07,-26.623571848577853,21.195907935340337,17.472318,-1.2561,-1.5238,77.32,-0.3252,0.6434,198.63652227334944,308.7228788853261,7
0.35,3,0.08,-19.436138455514836,21.233053526553356,16.755163,-0.9154,-1.16,69.5,-0.2813,0.6969,184.78293323611473,265.1498231989975,8
0.35,3,0.09,-18.83056852926935,22.187343028311286,17.895354,-0.8487,-1.0523,66.63,-0.289,0.6941,176.65596609516595,254.51887247412887,9
0.35,3,0.1,-12.31477048045202,21.057704416030365,16.750691,-0.5848,-0.7352,55.62,-0.2444,0.7541,156.1702408896076,207.09083946354022,10
0.35,3,0.11,-11.911689739675161,19.77257728752472,15.691433,-0.6024,-0.7591,53.92,-0.2413,0.7247,129.6760566206617,178.92994832201688,11
0.35,3,0.12,-11.806058806287723,19.01513332236902,15.385311,-0.6209,-0.7674,51.08,-0.2505,0.6952,111.36188178252277,160.17899795772837,12
0.35,3,0.13,-12.723906088727388,18.353979719349894,14.913826,-0.6933,-0.8532,52.48,-0.257,0.6354,91.69199230087781,144.30433414394898,13
0.35,3,0.14,-12.04791116720408,17.831311241024896,14.417584,-0.6757,-0.8356,51.48,-0.2489,0.6214,81.77564333987483,131.59279983283773,14
0.35,3,0.15,-10.679765293086065,17.51807960425896,14.174121,-0.6096,-0.7535,48.53,-0.2382,0.6251,73.61620285543715,117.77618474192795,15
0.35,4,0.01,-31.597751144042398,22.097295492104962,18.796162,-1.4299,-1.6811,75.81,-0.382,0.6684,263.3972569770626,394.0514501996506,16
0.35,4,0.02,-30.14566444025127,22.375543459165897,18.871493,-1.3473,-1.5974,74.27,-0.3765,0.6835,269.1323282162329,393.78225816362107,17
0.35,4,0.03,-33.35509093807019,20.130614125622483,16.771636,-1.6569,-1.9888,77.02,-0.3875,0.6494,255.44945131964604,393.3701051191268,18
0.35,4,0.04,-36.848624583821426,20.570455943530494,17.393233,-1.7913,-2.1186,80.98,-0.3991,0.6201,248.746490563807,401.11262872389403,19
0.35,4,0.05,-27.578713406560805,19.437107517422696,15.551719,-1.4189,-1.7734,73.78,-0.3463,0.6861,249.30233062966022,363.33812177901086,20
0.35,4,0.06,-26.544048586182434,20.86615063026236,16.432241,-1.2721,-1.6154,75.24,-0.3322,0.7031,259.94578590904416,369.70332014238585,21
0.35,4,0.07,-22.855293792019168,21.00759996464595,16.119747,-1.088,-1.4178,71.26,-0.3114,0.7275,252.34662650632188,346.8514524241155,22
0.35,4,0.08,-25.09192415668019,22.114300552315825,18.126511,-1.1346,-1.3843,74.68,-0.3233,0.6887,229.49774149645341,333.2508564617738,23
0.35,4,0.09,-18.674778509197683,21.072772854172076,17.077276,-0.8862,-1.0935,66.48,-0.2846,0.7285,207.24745319702453,284.4661802072784,24
0.35,4,0.1,-21.7156793799757,22.90063719707417,18.57559,-0.9483,-1.169,69.97,-0.3099,0.6802,190.972202445335,280.764813214917,25
0.35,4,0.11,-19.20402348656813,22.317246408757008,18.050517,-0.8605,-1.0639,66.71,-0.2935,0.6879,175.03462496244518,254.44173795055622,26
0.35,4,0.12,-16.32171336639013,21.504786627995117,17.388986,-0.759,-0.9386,62.32,-0.2741,0.6915,151.25892611824483,218.74791551419133,27
0.35,4,0.13,-16.555257816525415,21.002944685503767,17.152201,-0.7882,-0.9652,62.4,-0.2754,0.6528,128.70102127119858,197.15569843318065,28
0.35,4,0.14,-13.574960448042814,20.613673864660207,16.716712,-0.6585,-0.8121,57.25,-0.2551,0.69,124.96562422423536,181.09700829907908,29
0.35,4,0.15,-12.120466086073726,20.045072218418685,16.383863,-0.6047,-0.7398,54.45,-0.2435,0.6832,108.07084556071267,158.18801088487467,30
0.35,5,0.01,-24.047923880083605,21.17174595869686,14.050077,-1.1358,-1.7116,66.84,-0.3452,0.7416,285.4395366717428,384.8757933505012,31
0.35,5,0.02,-23.751409964217196,21.025529554303056,14.18707,-1.1296,-1.6742,66.49,-0.3433,0.7442,285.75676660583434,383.9669617753357,32
0.35,5,0.03,-22.268744054721157,21.209048962785403,14.628199,-1.05,-1.5223,64.38,-0.3372,0.7601,291.7433549501434,383.8228442557761,33
0.35,5,0.04,-23.574348586160976,19.664730089900353,15.983322,-1.1988,-1.4749,66.28,-0.3402,0.7326,267.12906009329254,364.6071205170217,34
0.35,5,0.05,-27.627350327333687,19.45605912333392,16.200625,-1.42,-1.7053,71.78,-0.3567,0.6877,251.52229051881824,365.7591914754916,35
0.35,5,0.06,-22.717478621609015,19.20806640038349,15.571686,-1.1827,-1.4589,64.85,-0.3363,0.7314,255.8486523521784,349.78362347803795,36
0.35,5,0.07,-24.195205488851844,20.23368937281048,16.695313,-1.1958,-1.4492,67.86,-0.3408,0.7122,247.62583741041243,347.6710918524109,37
0.35,5,0.08,-18.55152836650539,19.324501374469857,15.484291,-0.96,-1.1981,60.16,-0.3075,0.758,240.3361212756073,317.0452187275859,38
0.35,5,0.09,-17.727518094831137,19.84209315382201,15.652669,-0.8934,-1.1326,62.04,-0.2886,0.76,232.07232839971854,305.37420877596475,39
0.35,5,0.1,-19.609158142725164,20.474095561275583,16.191147,-0.9578,-1.2111,65.84,-0.2969,0.7291,218.26353566272667,299.34584830050295,40
0.35,5,0.11,-21.551035699173855,22.407675215473503,17.925425,-0.9618,-1.2023,68.04,-0.3151,0.6993,207.20313875024635,296.31496096667155,41
0.35,5,0.12,-20.004942579525046,23.41046104376366,18.977538,-0.8545,-1.0541,66.87,-0.3054,0.7117,204.22424191893268,286.94309179141317,42
0.35,5,0.13,-25.466856992866997,21.962817871036773,18.642291,-1.1595,-1.3661,73.24,-0.3334,0.5918,152.66090956285962,257.9643420492382,43
0.35,5,0.14,-23.06849950107509,21.327335294383587,18.100181,-1.0816,-1.2745,69.89,-0.3215,0.5952,140.26126452422082,235.64767912787264,44
0.35,5,0.15,-15.286588109552538,19.447236328207335,16.034765,-0.7861,-0.9533,57.76,-0.2745,0.6601,122.75124382157834,185.96007243329953,45
0.35,6,0.01,-26.822390755119923,17.71792176622039,13.363475,-1.5139,-2.0071,70.27,-0.3519,0.7071,267.7286726150022,378.6371296262521,46
0.35,6,0.02,-24.01165758656923,17.995590649733657,13.312312,-1.3343,-1.8037,66.95,-0.3378,0.7391,281.2189640708307,380.5052625041845,47
0.35,6,0.03,-23.63131968390627,18.362070963386365,13.779706,-1.287,-1.7149,66.69,-0.3356,0.7387,276.3041536219247,374.0177850133149,48
0.35,6,0.04,-27.36118921174385,20.155727150916007,16.456808,-1.3575,-1.6626,72.23,-0.3531,0.7066,272.4528240462424,385.5891699138499,49
0.35,6,0.05,-27.979596405483193,19.707552426773837,16.564023,-1.4197,-1.6892,72.45,-0.3576,0.6848,251.3428389527204,367.03624948650406,50
0.35,6,0.06,-28.443994256213724,20.283355264623484,17.100494,-1.4023,-1.6633,72.87,-0.3614,0.6801,250.01434904328698,367.6280078328691,51
0.35,6,0.07,-19.43056391505362,18.712340316436677,15.009437,-1.0384,-1.2946,60.22,-0.3174,0.7592,253.3379411048959,333.6817807853954,52
0.35,6,0.08,-23.449444741830554,18.86839621725062,15.438237,-1.2428,-1.5189,65.98,-0.3385,0.7111,238.64934957578038,335.6109425162067,53
0.35,6,0.09,-21.538224008037986,18.452529603706033,14.944203,-1.1672,-1.4412,63.66,-0.3262,0.7141,222.46032268342861,311.5191695738079,54
0.35,6,0.1,-24.037433927569296,18.903681361733245,15.596196,-1.2716,-1.5412,67.82,-0.3361,0.6801,211.3060521834468,310.69893374109444,55
0.35,6,0.11,-17.165668855107086,19.179772046659068,15.336063,-0.895,-1.1193,61.65,-0.2812,0.7463,208.8435942641312,279.8222726253279,56
0.35,6,0.12,-25.424888576293558,22.421397467849697,19.190106,-1.134,-1.3249,72.89,-0.3357,0.6532,198.02297711898657,303.1528735336607,57
0.35,6,0.13,-25.451180902949154,21.498227275174976,18.778125,-1.1839,-1.3554,72.67,-0.3349,0.6259,176.0721385437071,281.3107516424095,58
0.35,6,0.14,-24.267158290655193,21.14542778536123,18.486102,-1.1476,-1.3127,72.43,-0.3228,0.6194,163.29516869565572,263.63794226257124,59
0.35,6,0.15,-22.22068528802381,21.8485693355298,18.450289,-1.017,-1.2044,70.7,-0.3098,0.6313,157.32554240739017,249.20631252691717,60
0.35,7,0.01,-35.58875402511203,21.04582808576125,17.395882,-1.691,-2.0458,79.24,-0.3984,0.6422,264.0748301249502,411.23150351450073,61
0.35,7,0.02,-26.45026654977634,17.42305443090751,13.040991,-1.5181,-2.0282,69.21,-0.3527,0.7036,259.66698131155044,369.0367342673716,62
0.35,7,0.03,-29.104474416121896,18.25500191921193,13.940643,-1.5943,-2.0877,72.61,-0.365,0.6858,262.69055909756685,383.035250929309,63
0.35,7,0.04,-28.679647986147277,18.91513545291837,15.492685,-1.5162,-1.8512,72.42,-0.3631,0.6879,261.38387683879733,379.9719450989778,64
0.35,7,0.05,-27.31626772941334,19.56371858352256,16.105125,-1.3963,-1.6961,72.32,-0.351,0.7031,267.52454080063177,380.4751399039996,65
0.35,7,0.06,-29.651982053884385,19.993618542213856,16.60012,-1.4831,-1.7863,73.46,-0.3699,0.684,265.3995062270157,388.0080986879186,66
0.35,7,0.07,-37.67753974770353,20.960797564146823,17.973903,-1.7975,-2.0962,81.26,-0.4054,0.615,248.84807729122204,404.6417138670438,67
0.35,7,0.08,-28.910033135154084,19.90241553947925,16.495213,-1.4526,-1.7526,73.59,-0.3617,0.6774,250.9762576661041,370.51695023289204,68
0.35,7,0.09,-27.44787073694475,20.171404090393004,16.845921,-1.3607,-1.6293,73.13,-0.3498,0.6754,236.18715666106027,349.68192375588734,69
0.35,7,0.1,-29.406695051082977,20.834199444478582,17.629451,-1.4115,-1.668,75.99,-0.357,0.6564,232.33970949620263,353.9340596677442,70
0.35,7,0.11,-25.165605203483143,19.547787630755607,16.659215,-1.2874,-1.5106,72.12,-0.3296,0.6488,192.2004553000112,296.2582355461598,71
0.35,7,0.12,-22.63341749335407,20.789422789176342,17.950534,-1.0887,-1.2609,69.83,-0.3155,0.6646,185.43040404536842,279.01778907741186,72
0.35,7,0.13,-19.693557055863273,20.204113976743038,17.336258,-0.9747,-1.136,66.93,-0.2929,0.6794,172.59664702699982,254.02794247227573,73
0.35,7,0.14,-19.460162926243427,19.82962399136106,17.046367,-0.9814,-1.1416,66.53,-0.2909,0.6711,164.1994335502162,244.66566279285766,74
0.35,7,0.15,-21.57627246755628,22.253032738880755,18.750724,-0.9696,-1.1507,70.34,-0.3052,0.6472,163.67704765046906,252.8932219012374,75
0.35,8,0.01,-26.315354129136754,21.54976631857721,16.897923,-1.2211,-1.5573,70.33,-0.3552,0.7297,293.81379001401575,402.6256908178272,76
0.35,8,0.02,-22.623541755193173,21.778895085166447,16.87751,-1.0388,-1.3405,65.85,-0.337,0.7619,299.3281974714475,392.8747471099843,77
0.35,8,0.03,-27.5105419478941,21.5955276703832,17.059973,-1.2739,-1.6126,71.6,-0.3615,0.7109,279.66970458149757,393.4236121596946,78
0.35,8,0.04,-29.150192707056195,20.31047803839069,16.833635,-1.4352,-1.7317,73.18,-0.3676,0.6842,261.1058988533263,381.63963218964597,79
0.35,8,0.05,-34.59887586770857,21.17704404240538,18.268423,-1.6338,-1.8939,78.67,-0.393,0.6347,248.6204992190325,391.6841049894782,80
0.35,8,0.06,-34.84180424766734,19.236159714781174,16.322576,-1.8113,-2.1346,78.46,-0.3921,0.6201,235.13144415297242,379.1995394945175,81
0.35,8,0.07,-38.146634446208985,19.741877510237984,17.12929,-1.9323,-2.227,81.23,-0.4073,0.5905,227.48878490242691,385.2220908268308,82
0.35,8,0.08,-32.99382045278167,18.88291621785735,15.965121,-1.7473,-2.0666,76.75,-0.3832,0.6251,227.4566018061682,363.88343082124163,83
0.35,8,0.09,-30.702941039552595,19.972206827462564,16.630855,-1.5373,-1.8461,75.49,-0.37,0.6568,242.9803416018224,369.93456605901997,84
0.35,8,0.1,-24.9887975706771,19.20565081388477,15.891192,-1.3011,-1.5725,69.98,-0.3368,0.687,226.8104387609485,330.1371334777959,85
0.35,8,0.11,-29.571412185463636,21.3452189112009,18.349132,-1.3854,-1.6116,76.51,-0.3574,0.6416,218.88007586919986,341.155518318617,86
0.35,8,0.12,-29.306005721459055,21.198108690943954,18.374527,-1.3825,-1.5949,76.86,-0.353,0.619,196.91347416955333,318.0914819543165,87
0.35,8,0.13,-29.84535991073268,22.137975974672468,18.503926,-1.3482,-1.6129,78.5,-0.3524,0.6027,187.17407466032085,310.5822692118424,88
0.35,8,0.14,-28.874010685132735,21.775843360460556,18.171539,-1.326,-1.589,77.23,-0.3482,0.5964,176.4069615944694,295.79870418934365,89
0.35,8,0.15,-26.831272729438144,21.613839002709938,17.896423,-1.2414,-1.4993,75.06,-0.3378,0.6144,176.74562771645066,287.69081098658773,90
0.35,9,0.01,-32.407755139958994,21.444261430506305,17.563236,-1.5113,-1.8452,76.89,-0.3825,0.6729,275.7061805327677,409.70967599243943,91
0.35,9,0.02,-34.48633570142015,21.978606108168215,18.03943,-1.5691,-1.9117,79.07,-0.3914,0.6643,282.1346628012004,424.73292391580276,92
0.35,9,0.03,-30.71531708439791,18.059404871662657,14.273481,-1.7008,-2.1519,74.64,-0.3705,0.6733,261.68891217778327,388.6943105981905,93
0.35,9,0.04,-31.777772074458614,18.775489893753043,15.170529,-1.6925,-2.0947,75.88,-0.3759,0.6669,263.0246205953338,394.42318607781743,94
0.35,9,0.05,-31.87873625629659,18.696331669829906,15.128115,-1.7051,-2.1073,75.72,-0.3775,0.6598,255.6206349760328,387.4366793373861,95
0.35,9,0.06,-37.132601196525265,19.779911170516538,16.895777,-1.8773,-2.1977,81.06,-0.3997,0.6185,248.91366684299607,402.454025758787,96
0.35,9,0.07,-28.631655268324348,18.824401490393914,15.604921,-1.521,-1.8348,73.23,-0.3585,0.6798,251.32405965155087,369.7136818324793,97
0.35,9,0.08,-29.728535935296406,19.60596608310529,16.37194,-1.5163,-1.8158,73.7,-0.3687,0.6701,249.678425883429,372.6035625682658,98
0.35,9,0.09,-32.824725114018435,20.631126060853546,17.56729,-1.591,-1.8685,77.78,-0.3799,0.6434,244.91364313110893,380.64127634066136,99
0.35,9,0.1,-31.14341643269723,20.31157930710003,16.99945,-1.5333,-1.832,77.89,-0.3633,0.6522,241.50944956818824,370.2850048176744,100
0.35,9,0.11,-29.299537025328792,20.067197663706818,16.801193,-1.4601,-1.7439,76.11,-0.3538,0.6575,232.58136771114008,353.73262795079324,101
0.35,9,0.12,-24.743568662059275,21.821455168937103,18.33628,-1.1339,-1.3494,72.82,-0.3272,0.6905,228.29449120880633,330.6071838511308,102
0.35,9,0.13,-24.504818308191854,21.900252548386035,18.403608,-1.1189,-1.3315,73.55,-0.3216,0.6843,219.66908880784092,320.9945676853644,103
0.35,9,0.14,-20.684048181105087,22.069135079086067,17.792919,-0.9372,-1.1625,69.49,-0.2978,0.7127,212.1767270977864,297.7036247355304,104
0.35,9,0.15,-25.150069402366178,22.171953007092668,18.520143,-1.1343,-1.358,73.64,-0.3285,0.6492,192.41772418338243,296.4112651249124,105
0.35,10,0.01,-32.184383832169864,21.993408122077824,18.038762,-1.4634,-1.7842,77.37,-0.3792,0.6844,288.5274813269321,421.60735415677726,106
0.35,10,0.02,-31.658752857679456,22.688189407188442,18.574967,-1.3954,-1.7044,76.97,-0.3778,0.6997,305.0230228947494,435.9294533618208,107
0.35,10,0.03,-28.458299013294003,21.97603947805211,17.826404,-1.295,-1.5964,73.23,-0.3639,0.7182,299.95917075206995,417.63197857688095,108
0.35,10,0.04,-28.29082914819272,22.117323188105846,18.082091,-1.2791,-1.5646,73.14,-0.363,0.7141,292.14465173867467,409.1249849625509,109
0.35,10,0.05,-26.48943416895105,21.86719833732433,17.712065,-1.2114,-1.4956,71.32,-0.3529,0.7249,288.5539264676618,398.08563442022927,110
0.35,10,0.06,-28.029784001395345,17.938385003357773,14.374921,-1.5626,-1.9499,71.3,-0.3601,0.6928,261.3362837483984,377.2372160081363,111
0.35,10,0.07,-34.74720288763346,18.67322127277549,16.021553,-1.8608,-2.1688,78.33,-0.3909,0.6274,241.9418016541294,385.6187278799789,112
0.35,10,0.08,-33.781741752727015,19.043163902123425,16.403737,-1.774,-2.0594,78.17,-0.3837,0.6262,234.04634806567563,373.7311691225866,113
0.35,10,0.09,-32.83588904135898,19.23167550769748,16.664456,-1.7074,-1.9704,77.78,-0.3775,0.6274,228.62670910275318,364.40050426583286,114
0.35,10,0.1,-29.712499559199244,19.915684734019543,17.102627,-1.4919,-1.7373,74.92,-0.3632,0.6624,241.02736180883713,363.8861893512403,115
0.35,10,0.11,-25.011475087141903,20.33401752406893,17.29929,-1.23,-1.4458,69.4,-0.3426,0.7019,243.55552665732532,346.97599110495185,116
0.35,10,0.12,-26.682264182248684,21.16541452098317,18.092956,-1.2607,-1.4747,72.84,-0.3457,0.6929,248.89973290862332,359.22877766220716,117
0.35,10,0.13,-17.54195413209564,20.426732457690925,17.008754,-0.8588,-1.0313,62.13,-0.2878,0.7668,238.4669022644017,311.0014903820353,118
0.35,10,0.14,-19.00800442454494,20.78779925924434,17.296805,-0.9144,-1.0989,63.92,-0.2994,0.7435,227.80039283670766,306.3969825604213,119
0.35,10,0.15,-15.301129866085317,20.526395838402927,16.87664,-0.7454,-0.9066,57.58,-0.2784,0.7853,231.4562948672014,294.72525248807796,120
0.4,3,0.01,-19.402678589793368,21.279129251352767,16.452271,-0.9118,-1.1793,64.65,-0.3026,0.8048,330.7443358007986,410.972871874468,121
0.4,3,0.02,-23.130069608150556,23.53862981244282,17.992606,-0.9826,-1.2855,73.99,-0.3094,0.7904,360.605791774366,456.2467938842584,122
0.4,3,0.03,-19.931606959235094,21.29081791637351,14.690385,-0.9362,-1.3568,68.73,-0.2895,0.8149,362.8120349332522,445.22764783612115,123
0.4,3,0.04,-25.83113583930004,21.920864204112654,15.890732,-1.1784,-1.6255,73.21,-0.3361,0.769,355.5290879713324,462.3387845766921,124
0.4,3,0.05,-31.359559410733915,22.44160730145369,16.983621,-1.3974,-1.8465,79.19,-0.3631,0.7202,333.7957402806609,463.4650295901242,125
0.4,3,0.06,-24.432337800651066,23.2887362560176,17.803378,-1.0491,-1.3723,74.33,-0.3202,0.7646,328.06977350264094,429.0955512339044,126
0.4,3,0.07,-22.800904072337246,23.85900411535849,18.590174,-0.9557,-1.2265,72.41,-0.3131,0.7541,289.08900618971296,383.36893493326613,127
0.4,3,0.08,-15.079953367947931,23.966628669725377,17.772362,-0.6292,-0.8485,62.71,-0.2626,0.8125,270.12070375753495,332.4751141123038,128
0.4,3,0.09,-21.862221929711087,22.865314413335664,18.22704,-0.9561,-1.1994,69.53,-0.3131,0.7173,229.4143008830268,319.81285346540363,129
0.4,3,0.1,-12.77094988259378,22.798845910921475,17.605292,-0.5602,-0.7254,56.96,-0.2511,0.8079,222.11013389680704,274.9169980938813,130
0.4,3,0.11,-11.724711598413228,20.900415191205553,15.988398,-0.561,-0.7333,53.09,-0.2454,0.7888,181.11609301419483,229.596844940967,131
0.4,3,0.12,-12.040571668405436,20.063110161477855,15.590345,-0.6001,-0.7723,51.0,-0.258,0.7615,158.99142511051377,208.7782333584442,132
0.4,3,0.13,-12.550702590618828,18.90061333007304,14.725971,-0.664,-0.8523,52.32,-0.2561,0.7124,128.55627034867481,180.4524294733765,133
0.4,3,0.14,-11.062031021970801,18.8472111907522,14.599881,-0.5869,-0.7577,50.37,-0.24,0.7388,129.3515653089033,175.09218564578256,134
0.4,3,0.15,-10.757192050429202,17.880542301772117,14.167978,-0.6016,-0.7593,49.38,-0.2363,0.7026,105.1036348808642,149.58377026398807,135
0.4,4,0.01,-24.864361557360247,20.947890602937896,17.05469,-1.187,-1.4579,68.4,-0.348,0.7497,307.9869456033346,410.7991072809908,136
0.4,4,0.02,-24.46640904833276,22.041605573433518,17.69984,-1.11,-1.3823,68.26,-0.3468,0.7674,333.7031557923983,434.86981542875844,137
0.4,4,0.03,-23.321054017641572,20.579417349074518,15.559358,-1.1332,-1.4988,72.78,-0.3089,0.7793,340.5598943483573,436.9906018340023,138
0.4,4,0.04,-28.2723346847807,22.45256605539374,17.140807,-1.2592,-1.6494,76.77,-0.3455,0.749,348.9322002651641,465.8360603506463,139
0.4,4,0.05,-22.81980916300296,21.60379132760328,15.898095,-1.0563,-1.4354,70.19,-0.317,0.7839,342.27511768938126,436.63321748243317,140
0.4,4,0.06,-24.235224829066624,24.16452223411936,18.187118,-1.0029,-1.3325,72.05,-0.3304,0.7839,363.44834541088,463.6590766485284,141
0.4,4,0.07,-19.051951059873275,23.945976649308484,17.775485,-0.7956,-1.0718,66.47,-0.2963,0.8108,337.65774825101965,416.4360538239877,142
0.4,4,0.08,-20.980686899626363,24.830785490592973,19.103661,-0.8449,-1.0983,69.35,-0.3091,0.7849,316.5325158403838,403.28599103645786,143
0.4,4,0.09,-17.464325261576274,23.147110032347474,17.899964,-0.7545,-0.9757,62.71,-0.2917,0.787,266.85864739627254,339.07224629533005,144
0.4,4,0.1,-20.860346287310147,24.14391202717742,18.639599,-0.864,-1.1191,68.04,-0.3117,0.7372,242.02034412280312,328.27622043779184,145
0.4,4,0.11,-17.500954948949648,23.365299139237628,17.850016,-0.749,-0.9804,63.78,-0.2879,0.7546,222.52683302936833,294.89189277859657,146
0.4,4,0.12,-14.424841600152996,22.67296517627807,17.237573,-0.6362,-0.8368,58.62,-0.2674,0.7747,205.14522688302986,264.7908020709641,147
0.4,4,0.13,-14.178697193055644,21.790622124467514,16.754465,-0.6507,-0.8463,57.79,-0.2648,0.7396,166.4765633422053,225.1043509420624,148
0.4,4,0.14,-12.503736895017742,21.552288240533645,16.571148,-0.5802,-0.7545,54.05,-0.2558,0.7599,163.5929648390011,215.29492453982843,149
0.4,4,0.15,-10.120523531629232,21.232089884937626,16.184139,-0.4767,-0.6253,50.97,-0.2292,0.7784,147.00194541248965,188.84950699962323,150
0.4,5,0.01,-21.422098915587956,19.885994534034996,12.68174,-1.0772,-1.6892,63.77,-0.3264,0.7748,304.66985695996857,393.2485358093442,151
0.4,5,0.02,-19.441494387707326,20.578195824674374,13.273298,-0.9448,-1.4647,61.34,-0.3153,0.8022,326.01218354414436,406.4012198615691,152
0.4,5,0.03,-9.14641906415093,22.272670042723288,13.822798,-0.4107,-0.6617,53.39,-0.2042,0.9064,366.1398778058345,403.95959472982366,153
0.4,5,0.04,-18.990147210041442,21.667314052147685,16.404042,-0.8764,-1.1577,64.46,-0.2984,0.8174,351.6107244687202,430.1334760277012,154
0.4,5,0.05,-21.802735255015897,22.25450338497122,17.085538,-0.9797,-1.2761,70.61,-0.3056,0.7977,355.48934623125655,445.6419261349334,155
0.4,5,0.06,-17.71360709028166,22.3106944668385,16.715323,-0.794,-1.0597,67.71,-0.2704,0.8329,365.1623671720002,438.40672664848233,156
0.4,5,0.07,-17.075523133617814,23.36276336054524,17.492502,-0.7309,-0.9762,67.5,-0.2664,0.84,370.58533834747055,441.19127130473163,157
0.4,5,0.08,-11.628418515458884,22.497551924204995,16.263799,-0.5169,-0.715,59.63,-0.2214,0.8815,357.6853831595217,405.7679708305857,158
0.4,5,0.09,-11.409166845277632,23.220748080319044,17.172271,-0.4913,-0.6644,57.89,-0.2275,0.8777,338.70400579786957,385.88000521366035,159
0.4,5,0.1,-12.549026748484177,23.612161301582173,17.651895,-0.5315,-0.7109,58.39,-0.2439,0.8603,319.6583016750429,371.5475313255211,160
0.4,5,0.11,-15.027008688305688,24.90097786612026,18.71574,-0.6035,-0.8029,62.01,-0.2678,0.8266,296.15254157027607,358.2880298766829,161
0.4,5,0.12,-13.282797047567312,25.72223111798368,19.56033,-0.5164,-0.6791,61.05,-0.2512,0.8432,295.38798019219,350.311291793639,162
0.4,5,0.13,-19.946853576564738,24.37404970287854,19.275856,-0.8184,-1.0348,68.54,-0.2997,0.7379,232.21734499181136,314.69600144728935,163
0.4,5,0.14,-20.91087045283896,24.18923670325962,19.168552,-0.8645,-1.0909,68.84,-0.3089,0.7152,217.16795231494288,303.6327420445389,164
0.4,5,0.15,-13.360695236054628,22.156247563013753,17.111296,-0.603,-0.7808,60.3,-0.2433,0.7735,188.7052610250658,243.9506754535138,165
0.4,6,0.01,-23.359838812001108,15.696673940097636,11.536497,-1.4882,-2.0249,65.72,-0.3318,0.7416,277.1652546644436,373.75633419660693,166
0.4,6,0.02,-23.874358882092398,16.61882346975985,12.163288,-1.4366,-1.9628,67.16,-0.3324,0.7485,293.8317278180048,392.5503070050694,167
0.4,6,0.03,-18.528633737900538,18.113468125048477,13.018441,-1.0229,-1.4233,60.78,-0.3006,0.8045,315.22762642764565,391.84205640737724,168
0.4,6,0.04,-23.42856920196592,21.37003882365491,16.621037,-1.0963,-1.4096,68.76,-0.3301,0.7814,346.2087558851421,443.08403012501714,169
0.4,6,0.05,-26.379739780135118,21.414589730893237,17.060876,-1.2319,-1.5462,71.95,-0.3469,0.7577,341.0084890815703,450.0866194422877,170
0.4,6,0.06,-21.866689480221172,22.32701311404837,17.182676,-0.9794,-1.2726,67.02,-0.3229,0.7902,340.6438179824399,431.0608435316084,171
0.4,6,0.07,-15.877798290309443,21.23705124684003,15.510797,-0.7476,-1.0237,61.52,-0.2696,0.8402,345.2209626449126,410.8743984326207,172
0.4,6,0.08,-18.47670044243849,21.833251282632034,16.22014,-0.8463,-1.1391,64.36,-0.2927,0.819,345.61176860458687,422.01145852927294,173
0.4,6,0.09,-17.373347547594115,22.083337823412933,16.624543,-0.7867,-1.045,59.45,-0.3026,0.8189,324.80984496052514,396.6472582327198,174
0.4,6,0.1,-16.089152909368668,22.57747899240212,17.210947,-0.7126,-0.9348,60.76,-0.2802,0.8283,320.9871351002475,387.51450546358933,175
0.4,6,0.11,-10.048446986341537,22.92208727513735,17.136454,-0.4384,-0.5864,49.79,-0.2394,0.8841,316.9630796507579,358.51261044348746,176
0.4,6,0.12,-16.845837990660463,25.24210644719532,20.003454,-0.6674,-0.8421,62.75,-0.2904,0.816,308.85273427260023,378.50893739271214,177
0.4,6,0.13,-18.331851494600773,24.110770235689223,19.454198,-0.7603,-0.9423,64.55,-0.2975,0.783,273.49748046122306,349.29823148254854,178
0.4,6,0.14,-15.038899143106093,23.74135902454991,19.080729,-0.6334,-0.7882,60.71,-0.2705,0.8055,257.4932263103783,319.6778807036979,179
0.4,6,0.15,-16.418152511497837,24.16559813470927,19.133045,-0.6794,-0.8581,63.8,-0.2765,0.7806,241.53028263270656,309.418040239773,180
0.4,7,0.01,-38.25809767404514,19.925677482613487,17.150265,-1.92,-2.2308,81.52,-0.4076,0.6302,269.587834473772,427.7820319989903,181
0.4,7,0.02,-29.17064917958777,16.396557060091226,12.93335,-1.7791,-2.2555,72.67,-0.3621,0.6952,275.0769107640365,395.69522999074456,182
0.4,7,0.03,-33.12226121825253,17.748855641171453,14.238134,-1.8662,-2.3263,77.19,-0.3802,0.6754,284.977399457418,421.9353208440019,183
0.4,7,0.04,-31.35597157784978,19.615776030033086,16.037397,-1.5985,-1.9552,76.11,-0.3724,0.7032,307.1315381650592,436.7859920702952,184
0.4,7,0.05,-30.97961106571819,20.667287483364717,16.976066,-1.499,-1.8249,76.02,-0.3714,0.7176,325.55561290368536,453.6538459611391,185
0.4,7,0.06,-29.420656475191187,21.04579316095768,17.240828,-1.3979,-1.7065,73.89,-0.3676,0.7306,329.961367578451,451.6134471306305,186
0.4,7,0.07,-31.086989673131843,22.803569865135774,17.985072,-1.3633,-1.7285,76.13,-0.3761,0.726,340.5939702221003,469.13620529909787,187
0.4,7,0.08,-23.68375483786863,22.457212092416775,17.084622,-1.0546,-1.3863,67.98,-0.3393,0.7811,349.38758026819335,447.31802685969785,188
0.4,7,0.09,-23.390080321974676,22.656100138963236,17.613369,-1.0324,-1.328,68.94,-0.332,0.776,335.1070185217627,431.8231442975469,189
0.4,7,0.1,-27.189233951743248,23.795562451686013,18.961172,-1.1426,-1.4339,73.42,-0.3537,0.7513,339.5495456973619,451.9748702121097,190
0.4,7,0.11,-25.932348813257626,23.788676181604774,18.968774,-1.0901,-1.3671,73.66,-0.3399,0.7418,308.06106903997204,415.28927325987064,191
0.4,7,0.12,-19.141679040812704,23.907831235467707,19.033473,-0.8006,-1.0057,65.37,-0.3028,0.788,294.12939113792726,373.27871479081153,192
0.4,7,0.13,-13.729002570515588,23.553908821377874,18.436481,-0.5829,-0.7447,56.88,-0.2682,0.8345,286.3081730317601,343.07650905746334,193
0.4,7,0.14,-8.303363071476081,22.82956982139595,17.723631,-0.3637,-0.4685,47.77,-0.2172,0.8866,268.45601718834985,302.7897644918342,194
0.4,7,0.15,-9.550365517546508,25.000868435300415,19.274363,-0.382,-0.4955,52.98,-0.2257,0.8727,270.7505601218047,310.2405635713423,195
0.4,8,0.01,-31.789349228548243,19.99727662117758,16.450362,-1.5897,-1.9324,76.61,-0.3754,0.691,293.9830368518724,425.429472947695,196
0.4,8,0.02,-27.8606842693527,21.185488089146993,16.980402,-1.3151,-1.6408,73.23,-0.3561,0.7344,318.47414858372025,433.6758668720755,197
0.4,8,0.03,-31.65392092439634,21.251413825041947,17.201841,-1.4895,-1.8401,76.94,-0.3749,0.7059,314.22857511832075,445.1150259247532,198
0.4,8,0.04,-34.26559666172908,21.300645659821548,17.649028,-1.6087,-1.9415,79.28,-0.3871,0.6859,309.3359763944671,451.0214990989182,199
0.4,8,0.05,-38.39308566685011,22.31488945069058,19.139147,-1.7205,-2.006,82.64,-0.4073,0.6594,307.3562389219391,466.10860108407326,200
0.4,8,0.06,-35.00355103899626,20.800648334407562,16.849962,-1.6828,-2.0774,79.47,-0.3911,0.6931,326.88818136858816,471.6250868552314,201
0.4,8,0.07,-35.31033889349279,22.301423525993393,18.1705,-1.5833,-1.9433,80.1,-0.3935,0.6929,329.40186285301525,475.4073117697593,202
0.4,8,0.08,-25.989338265334005,21.25828013782177,16.639396,-1.2226,-1.5619,70.46,-0.3496,0.7529,327.52188437106133,434.9857354523234,203
0.4,8,0.09,-22.097157169144747,22.150527032568395,17.131471,-0.9976,-1.2899,66.62,-0.3271,0.7908,345.29622898953653,436.6662201413176,204
0.4,8,0.1,-21.11401761156929,21.44552785621989,16.759102,-0.9845,-1.2599,64.53,-0.3239,0.7882,324.87449242603145,412.179279534187,205
0.4,8,0.11,-24.418631459188873,23.37206872708849,18.397555,-1.0448,-1.3273,71.42,-0.3333,0.7572,314.87850824599633,415.8476113431187,206
0.4,8,0.12,-27.079937007202037,23.861831838259064,19.094554,-1.1349,-1.4182,75.49,-0.3432,0.7259,296.54573660089295,408.51912692432364,207
0.4,8,0.13,-28.732943445986734,25.19150680329564,19.785771,-1.1406,-1.4522,78.76,-0.3473,0.7095,290.2195918107053,409.0280325675233,208
0.4,8,0.14,-26.062576235222263,25.312687948909446,19.986963,-1.0296,-1.304,75.57,-0.3363,0.7208,278.26583538122236,386.03251965543507,209
0.4,8,0.15,-19.56934569409224,24.39389595146848,18.826516,-0.8022,-1.0395,67.84,-0.298,0.7683,268.3638810836306,349.28157240602786,210
0.4,9,0.01,-37.21272284884645,20.031095226977143,17.126947,-1.8577,-2.1728,81.32,-0.4001,0.6443,278.6869388254586,432.5585944147363,211
0.4,9,0.02,-40.88313249193581,20.728172636128615,17.744839,-1.9723,-2.3039,84.18,-0.4165,0.6294,287.11985778773214,456.1683659488317,212
0.4,9,0.03,-34.43480871559946,18.50962401506561,14.874859,-1.8604,-2.315,78.89,-0.3848,0.6797,302.19932051604474,444.58452163372186,213
0.4,9,0.04,-33.07961080399452,19.16173016834076,15.389532,-1.7263,-2.1495,77.85,-0.3789,0.6926,308.2013576773369,444.98292298591747,214
0.4,9,0.05,-36.23224769713623,19.912781736803538,16.084926,-1.8195,-2.2526,80.49,-0.395,0.6763,312.9563509038203,462.7738195562645,215
0.4,9,0.06,-40.07676917247984,21.047031407558418,17.785417,-1.9042,-2.2533,84.11,-0.4106,0.6479,304.9873463750195,470.7016062072575,216
0.4,9,0.07,-31.856801251795087,20.091887909191975,16.554393,-1.5856,-1.9244,77.8,-0.3699,0.6987,305.455801376631,437.181146235244,217
0.4,9,0.08,-29.245693289912257,21.552209683460752,17.429552,-1.357,-1.6779,74.78,-0.3625,0.7298,326.70157280860127,447.63019347561936,218
0.4,9,0.09,-26.07254990119607,22.382033315067552,17.824303,-1.1649,-1.4628,72.02,-0.3456,0.7562,334.4421181637796,442.2500427552331,219
0.4,9,0.1,-25.043419147636296,21.853208651943145,17.306046,-1.146,-1.4471,71.43,-0.3363,0.7565,321.74198869372736,425.29453929625527,220
0.4,9,0.11,-23.2485902398695,21.898308783631478,17.40093,-1.0617,-1.3361,68.91,-0.3288,0.7698,321.54647016271804,417.6775456783689,221
0.4,9,0.12,-19.893175777048928,23.097916184521004,18.315421,-0.8613,-1.0861,66.18,-0.3058,0.7969,322.8202138049584,405.07691681958136,222
0.4,9,0.13,-19.926917997162253,24.15465463444752,18.804745,-0.825,-1.0597,67.38,-0.3036,0.7934,316.41303404781206,398.8092584646496,223
0.4,9,0.14,-20.137556509731077,24.86716431059358,19.23165,-0.8098,-1.0471,68.49,-0.3032,0.7827,299.8902815223227,383.15747947129,224
0.4,9,0.15,-23.382189316218287,24.677663771979564,19.42171,-0.9475,-1.2039,71.97,-0.3233,0.7368,270.64334868963635,367.32684578288814,225
0.4,10,0.01,-34.1386090740363,20.625706484779055,17.541692,-1.6551,-1.9461,79.2,-0.3853,0.6687,284.91246821316867,426.07290732089024,226
0.4,10,0.02,-32.671672972642526,21.46694015179225,18.175853,-1.522,-1.7975,77.98,-0.3797,0.6941,306.49059156217766,441.5853663141361,227
0.4,10,0.03,-31.737182350321874,21.76748323303037,18.315677,-1.458,-1.7328,77.07,-0.3762,0.7066,316.0175211862866,447.2482513808715,228
0.4,10,0.04,-26.987324625764053,22.482920220340386,18.716752,-1.2003,-1.4419,72.56,-0.3536,0.7514,337.36992054269996,448.96036601907355,229
0.4,10,0.05,-22.263199456645268,22.520695042656726,18.291001,-0.9886,-1.2172,67.06,-0.3289,0.7872,340.59192541886546,432.6484882515018,230
0.4,10,0.06,-22.75982896901634,19.219018742793093,15.329925,-1.1842,-1.4847,68.8,-0.3174,0.7741,322.4229182449667,416.53300469621684,231
0.4,10,0.07,-28.262251395893866,20.254529325774705,16.744669,-1.3954,-1.6878,74.39,-0.3521,0.7285,313.57257743059927,430.43474391679536,232
0.4,10,0.08,-26.718639271072895,20.95937611127284,17.301389,-1.2748,-1.5443,74.34,-0.3383,0.7485,328.7421771025341,439.2216299614942,233
0.4,10,0.09,-29.856256159989673,21.160526369908634,17.708317,-1.4109,-1.686,76.77,-0.3582,0.7178,314.00513459459967,437.4583842720172,234
0.4,10,0.1,-24.102200666764247,21.99143816345595,18.032801,-1.096,-1.3366,70.45,-0.3313,0.7675,329.0321522915607,428.69283917556214,235
0.4,10,0.11,-17.74111187568927,21.949828414703834,17.647016,-0.8083,-1.0053,61.32,-0.2983,0.8192,332.3203357542462,405.6784253354692,236
0.4,10,0.12,-21.03683515413509,22.69240998506237,18.469381,-0.927,-1.139,67.84,-0.3108,0.7934,334.0983462067697,421.08398997902674,237
0.4,10,0.13,-18.636114725619667,22.235964908173123,17.880702,-0.8381,-1.0422,66.1,-0.2886,0.8026,313.3641746280181,390.42302996173106,238
0.4,10,0.14,-17.099967874106074,23.40368859089311,18.190916,-0.7307,-0.94,63.75,-0.2828,0.8156,312.6461603184505,383.35317033757167,239
0.4,10,0.15,-14.412029861367056,23.2565188765652,17.984767,-0.6197,-0.8013,60.48,-0.2606,0.8396,312.0097323193901,371.602331984249,240
0.45,3,0.01,-23.790685561460748,20.35229402589772,14.030436,-1.1689,-1.6956,79.37,-0.287,0.7816,352.11501916439266,450.48761581138524,241
0.45,3,0.02,-18.653772915264614,24.022781249365146,15.333112,-0.7765,-1.2166,78.95,-0.2445,0.8441,417.5583218582402,494.6901924046916,242
0.45,3,0.03,-11.188536037536853,25.462102528870517,15.52048,-0.4394,-0.7209,74.62,-0.1788,0.9091,462.9393414891897,509.20305002535395,243
0.45,3,0.04,-11.156148421021834,29.7398676612037,18.55464,-0.3751,-0.6013,78.06,-0.1833,0.9173,511.7263894624243,557.8561777747448,244
0.45,3,0.05,-17.30071940850858,32.32604947365892,20.405602,-0.5352,-0.8478,82.37,-0.2429,0.8751,501.0824833469714,572.6195850281854,245
0.45,3,0.06,-6.707350360379988,34.32941760582852,20.661025,-0.1954,-0.3246,72.03,-0.1602,0.9491,517.0743845028369,544.8087459136143,246
0.45,3,0.07,-2.54249060636828,37.02681800948968,21.031908,-0.0687,-0.1209,67.7,-0.1241,0.9782,472.2999213505451,482.8129182229091,247
0.45,3,0.08,2.317992518802537,36.491119162634796,20.32353,0.0635,0.1141,61.5,-0.0593,1.0224,438.11371345483064,428.5289983572423,248
0.45,3,0.09,11.971714106148022,55.592367449146906,20.526554,0.2153,0.5832,63.3,0.0143,1.1178,469.6294534636146,420.12736577073275,249
0.45,3,0.1,20.270338147062912,55.72665100263983,20.145201,0.3637,1.0062,54.11,0.1766,1.2184,467.5039008390494,383.6876613579399,250
0.45,3,0.11,43.10483659104432,97.70730027311288,16.654856,0.4412,2.5881,55.16,0.389,1.5596,496.71614407188065,318.48106578668956,251
0.45,3,0.12,45.71606574577297,97.44195013318713,15.842755,0.4692,2.8856,50.71,0.4928,1.6833,465.685184899048,276.65288129946293,252
0.45,3,0.13,45.60502515171221,97.07283393736058,14.443837,0.4698,3.1574,38.92,0.6504,1.8224,417.8594544868037,229.28629493091438,253
0.45,3,0.14,-3.310475727256862,21.409692652199272,14.14473,-0.1546,-0.234,38.94,-0.1392,0.9355,198.47153306595675,212.16008746199506,254
0.45,3,0.15,-3.8460151331023726,20.472910890001845,13.680552,-0.1879,-0.2811,41.85,-0.1372,0.914,168.98357331310666,184.88654064918867,255
0.45,4,0.01,-25.689049806616293,18.706411359910454,14.130038,-1.3733,-1.818,73.88,-0.325,0.7533,324.3160613345624,430.53824347144405,256
0.45,4,0.02,-26.10695600264583,20.443067621401614,15.126198,-1.2771,-1.7259,76.59,-0.3209,0.769,359.4573651513921,467.40755624169753,257
0.45,4,0.03,-23.827226661245156,24.01625728699474,15.953961,-0.9921,-1.4935,80.55,-0.2903,0.8064,410.4055126510452,508.92920384555896,258
0.45,4,0.04,-20.482390813086663,28.78872932687397,18.034925,-0.7115,-1.1357,81.31,-0.2664,0.8401,444.95658266631955,529.6496430918605,259
0.45,4,0.05,-17.2027190921805,31.570265559482895,19.071871,-0.5449,-0.902,80.94,-0.2426,0.8703,477.48990843044356,548.6217865814439,260
0.45,4,0.06,-23.87030585772592,33.15734132961546,21.199202,-0.7199,-1.126,84.21,-0.2996,0.8329,491.99228529104016,590.694105544018,261
0.45,4,0.07,-19.370963209061298,36.22569099028618,21.973765,-0.5347,-0.8815,82.73,-0.2709,0.8567,478.7707760045325,558.8681714959685,262
0.45,4,0.08,-13.114278392167144,42.165149703704756,22.464171,-0.311,-0.5838,80.88,-0.2306,0.8981,477.7449522994038,531.9714526352695,263
0.45,4,0.09,-10.780476207301543,41.8963685586413,22.207911,-0.2573,-0.4854,79.78,-0.2085,0.9092,446.1203695193127,490.6967830431547,264
0.45,4,0.1,-19.693959272581083,27.853160399890754,20.587205,-0.7071,-0.9566,78.47,-0.2679,0.8197,370.3397733118316,451.77273189131364,265
0.45,4,0.11,-21.932192610609423,26.390691021603494,19.709571,-0.8311,-1.1128,78.19,-0.2873,0.7782,318.16084571522003,408.84872150988275,266
0.45,4,0.12,-14.394305204858624,26.515403171868286,18.585138,-0.5429,-0.7745,73.96,-0.2215,0.8372,306.0616968271832,365.5810064440986,267
0.45,4,0.13,-11.961086342139502,27.016524361439053,18.816168,-0.4427,-0.6357,71.98,-0.2007,0.8494,279.0371720972923,328.4953148294723,268
0.45,4,0.14,-5.100393628197651,26.396721130829693,18.095312,-0.1932,-0.2819,66.37,-0.1238,0.9267,266.5537096690223,287.64343252847436,269
0.45,4,0.15,-5.498445863705602,25.89829112149596,17.856602,-0.2123,-0.3079,66.78,-0.1267,0.9097,229.06233461839284,251.79797188022314,270
0.45,5,0.01,-20.058119680087522,16.798484347800475,11.55569,-1.194,-1.7358,72.12,-0.2677,0.79,311.9581287421329,394.89686170503455,271
0.45,5,0.02,-16.411673910816717,17.46629415099931,11.968106,-0.9396,-1.3713,67.48,-0.2431,0.8291,329.13600308338096,396.9969721908056,272
0.45,5,0.03,-9.703489459848322,18.769209719311572,12.575733,-0.517,-0.7716,64.02,-0.1689,0.9012,365.95224989786146,406.0754086961232,273
0.45,5,0.04,-17.049547479337384,23.326089071617602,16.306159,-0.7309,-1.0456,75.1,-0.2385,0.8468,389.7764104226798,460.27493611105115,274
0.45,5,0.05,-18.91566750763303,23.978822619956496,17.000241,-0.7888,-1.1127,78.35,-0.2496,0.8365,400.03034127290107,478.24512517351064,275
0.45,5,0.06,-9.429448640174934,27.014695962030434,17.090367,-0.349,-0.5517,74.72,-0.1621,0.9183,438.1436849208093,477.1337066789929,276
0.45,5,0.07,-16.317030472793125,27.47369676307661,18.114375,-0.5939,-0.9008,75.87,-0.2382,0.8654,433.91480305897153,501.3844290615527,277
0.45,5,0.08,-6.412928692901273,27.320013395222713,17.167225,-0.2347,-0.3736,64.34,-0.1474,0.9435,442.62343731743846,469.14038849999054,278
0.45,5,0.09,-0.8606009015111535,30.934170635523657,18.270662,-0.0278,-0.0471,59.8,-0.0867,0.9924,463.2872878690083,466.8458042950981,279
0.45,5,0.1,-6.0543022788875005,31.35967887847391,19.07997,-0.1931,-0.3173,66.77,-0.1514,0.9472,449.15981516899654,474.19387459201545,280
0.45,5,0.11,-5.445350615690157,35.16705236759218,19.845824,-0.1548,-0.2744,70.29,-0.1484,0.951,437.02682131485335,459.5429139400483,281
0.45,5,0.12,-3.800802844006289,35.695455444919226,20.516993,-0.1065,-0.1853,71.35,-0.1279,0.9657,442.1390482020251,457.8550663109717,282
0.45,5,0.13,-10.848098084194802,34.66291358424215,20.305005,-0.313,-0.5343,73.99,-0.203,0.8933,375.52151069363583,420.3775353116159,283
0.45,5,0.14,-9.595011920508364,34.098986983583785,19.768485,-0.2814,-0.4854,72.21,-0.1909,0.8968,344.728454790001,384.4030675724206,284
0.45,5,0.15,-7.968405678183545,32.646097388575384,18.082814,-0.2441,-0.4407,75.62,-0.1577,0.9014,301.3358586930545,334.28458375919433,285
0.45,6,0.01,-18.92519023661926,17.265984478129866,11.924356,-1.0961,-1.5871,71.22,-0.2592,0.8007,314.4001712367952,392.6543308659907,286
0.45,6,0.02,-23.1493941985583,18.657973614277427,12.98491,-1.2407,-1.7828,75.3,-0.2925,0.7767,332.89905791502713,428.6199656725579,287
0.45,6,0.03,-22.284241088643743,19.766117770316168,13.758816,-1.1274,-1.6196,77.28,-0.2784,0.7929,352.69112926479005,444.8346975757692,288
0.45,6,0.04,-25.154802190991703,21.650330695355475,15.975357,-1.1619,-1.5746,75.74,-0.3174,0.7845,378.56346363443333,482.57657428131165,289
0.45,6,0.05,-26.265761971881318,23.63766538192048,17.830549,-1.1112,-1.4731,79.12,-0.3189,0.788,403.6441901222658,512.2510312917116,290
0.45,6,0.06,-21.25528109032749,24.5092039827701,17.81011,-0.8672,-1.1934,77.9,-0.2764,0.8215,404.5011672777796,492.3900676592131,291
0.45,6,0.07,-15.267007891538878,24.47421201480934,16.719065,-0.6238,-0.9131,71.91,-0.2314,0.8681,415.6414149474676,478.7692809116878,292
0.45,6,0.08,-13.74567942520088,25.52184118315013,17.072864,-0.5386,-0.8051,71.61,-0.2174,0.8825,426.7918165335557,483.62911002982275,293
0.45,6,0.09,-12.508702231621651,25.366523707291627,17.732976,-0.4931,-0.7054,69.1,-0.21,0.8883,411.1356202125491,462.85811118615925,294
0.45,6,0.1,-10.059970589769788,28.246200793921677,18.432565,-0.3562,-0.5458,69.91,-0.1855,0.9116,429.22435084435904,470.82153082269275,295
0.45,6,0.11,-8.343228958674027,28.56231268108862,18.750547,-0.2921,-0.445,68.01,-0.1697,0.925,425.706136149017,460.20472573210577,296
0.45,6,0.12,-6.643955995109471,34.55654717598747,20.148489,-0.1923,-0.3297,71.53,-0.1585,0.9408,436.59278810448524,464.065018846168,297
0.45,6,0.13,-11.600077595594668,34.12734633091698,20.444682,-0.3399,-0.5674,72.14,-0.2151,0.8922,397.0592135786646,445.0246137953695,298
0.45,6,0.14,-9.897935809327423,34.03186888223445,20.37007,-0.2908,-0.4859,69.33,-0.2025,0.9014,374.1564328047527,415.0836118258605,299
0.45,6,0.15,-10.00095947784591,33.94304548878565,20.003401,-0.2946,-0.5,71.06,-0.1983,0.8939,348.50347669415953,389.85665040810966,300
0.45,7,0.01,-33.48160765192951,16.6104614198675,12.75158,-2.0157,-2.6257,79.71,-0.3694,0.6749,287.35871422609125,425.8025045963712,301
0.45,7,0.02,-32.45279375852348,18.014757756382323,13.727356,-1.8015,-2.3641,79.43,-0.3637,0.703,317.70086233127444,451.8905889042168,302
0.45,7,0.03,-35.74805509291414,18.83589772913503,14.526719,-1.8979,-2.4608,82.65,-0.3787,0.6882,326.287060290733,474.10243095270346,303
0.45,7,0.04,-33.83369254335241,20.514720037381863,15.896671,-1.6492,-2.1284,81.74,-0.3695,0.7191,358.1465814617666,498.0462149148349,304
0.45,7,0.05,-36.18178540510604,22.40022908281501,17.926773,-1.6152,-2.0183,83.78,-0.3833,0.7089,364.3111909775289,513.9200020573721,305
0.45,7,0.06,-30.830032232124534,23.55614101022619,17.899738,-1.3088,-1.7224,82.87,-0.3444,0.7495,381.48458485297294,508.96432130485294,306
0.45,7,0.07,-33.60346296772608,24.99242743212863,18.813235,-1.3445,-1.7862,83.68,-0.3673,0.7429,401.4322099057539,540.3798623357958,307
0.45,7,0.08,-22.53411141167557,24.445899773510472,17.55016,-0.9218,-1.284,76.76,-0.2932,0.817,415.9284895847261,509.10525185046384,308
0.45,7,0.09,-22.4829697677373,25.211242671609295,18.1415,-0.8918,-1.2393,75.64,-0.299,0.821,426.3472014011725,519.3124970280862,309
0.45,7,0.1,-25.792912715342624,28.14126114861624,19.988256,-0.9166,-1.2904,79.2,-0.3242,0.8059,442.82907863497985,549.4807256563569,310
0.45,7,0.11,-28.672324079883087,28.524162532069603,20.542174,-1.0052,-1.3958,83.25,-0.3348,0.7789,417.76169494032945,536.31947942937,311
0.45,7,0.12,-25.15220454815949,29.680226404705916,20.807803,-0.8474,-1.2088,79.73,-0.3197,0.791,393.69851077652106,497.70088037645036,312
0.45,7,0.13,-20.2131205815802,29.09504707351587,20.123455,-0.6947,-1.0045,76.58,-0.2818,0.8168,372.66267447416965,456.24232386308455,313
0.45,7,0.14,-12.54753964370022,29.982379565966205,19.142025,-0.4185,-0.6555,71.54,-0.2156,0.8702,347.69109085463157,399.57417144485237,314
0.45,7,0.15,-10.403240009748792,33.25079709005312,19.86346,-0.3129,-0.5237,72.02,-0.198,0.889,344.38715769830515,387.4037294846473,315
0.45,8,0.01,-38.725431263115155,16.667523875479944,12.807444,-2.3234,-3.0237,84.0,-0.3936,0.6372,281.2286255190326,441.3552103450881,316
0.45,8,0.02,-34.01124428124791,18.29020542396527,13.897014,-1.8595,-2.4474,81.34,-0.3692,0.6872,308.9778442990155,449.61164009687377,317
0.45,8,0.03,-38.41753801784174,19.37385328822567,15.15141,-1.983,-2.5356,84.34,-0.3935,0.6746,329.28527023105005,488.138740923872,318
0.45,8,0.04,-44.18232134105583,20.388247405254837,16.148899,-2.167,-2.7359,87.85,-0.4219,0.6471,335.05978518318545,517.7501773950116,319
0.45,8,0.05,-48.63868993675579,22.574326062696592,17.96666,-2.1546,-2.7072,90.37,-0.4437,0.6304,343.0519668630756,544.1690895380738,320
0.45,8,0.06,-42.83749851037141,25.342815289919514,20.048656,-1.6903,-2.1367,88.02,-0.4198,0.6865,387.80133445519186,564.9309909941085,321
0.45,8,0.07,-42.78310971997728,26.834633983611063,21.059329,-1.5943,-2.0316,88.36,-0.4205,0.6976,408.078766951075,584.9835301582826,322
0.45,8,0.08,-34.58495069094514,25.02061244441916,18.092306,-1.3823,-1.9116,83.76,-0.3748,0.7335,393.6259469066826,536.6319731763843,323
0.45,8,0.09,-27.848991202205713,25.732674987146126,18.31316,-1.0822,-1.5207,78.9,-0.3389,0.7804,409.1967088280751,524.3500772117989,324
0.45,8,0.1,-26.783732299717737,26.453920607138187,18.645917,-1.0125,-1.4364,79.25,-0.329,0.7837,401.32883522956223,512.0774425958554,325
0.45,8,0.11,-32.04530354447926,27.45020978206391,20.010577,-1.1674,-1.6014,83.16,-0.3615,0.748,393.29813664949194,525.8029235278545,326
0.45,8,0.12,-29.656656746408927,28.595325322150288,20.181572,-1.0371,-1.4695,82.35,-0.3468,0.7547,377.35393537108337,499.98185731456795,327
0.45,8,0.13,-38.28115536144449,30.511731690838946,22.581081,-1.2546,-1.6953,87.95,-0.3964,0.7027,374.0729632726067,532.3625025052463,328
0.45,8,0.14,-28.94842013725034,32.45112598446058,22.425763,-0.8921,-1.2909,83.32,-0.3458,0.7557,370.2023167813869,489.90173655525535,329
0.45,8,0.15,-19.990473997311344,31.092985620409962,20.479695,-0.6429,-0.9761,78.67,-0.2768,0.8116,356.05113258968424,438.7101560230112,330
0.45,9,0.01,-30.78168564489016,18.154423013741685,13.506587,-1.6955,-2.279,78.56,-0.3527,0.7079,308.39193431642695,435.67176146712364,331
0.45,9,0.02,-31.20116756094628,18.758911118664216,14.052194,-1.6633,-2.2204,79.13,-0.355,0.7142,322.33541903981677,451.34977062118986,332
0.45,9,0.03,-29.34655177974917,18.05333352883866,13.45218,-1.6255,-2.1815,77.39,-0.3443,0.7353,336.9964655089095,458.3421280267613,333
0.45,9,0.04,-28.906698135219735,19.622601933628943,14.876547,-1.4731,-1.9431,76.77,-0.3458,0.7534,365.16222723118375,484.6891298379257,334
0.45,9,0.05,-31.053416822379404,20.127457184821555,15.353664,-1.5428,-2.0225,79.12,-0.3561,0.7393,364.1411332133589,492.5445472170071,335
0.45,9,0.06,-36.58439093703155,22.259050677321547,17.653406,-1.6436,-2.0724,83.49,-0.3877,0.7104,371.04457481211386,522.318127813649,336
0.45,9,0.07,-37.658304798215205,23.104672431631354,17.996681,-1.6299,-2.0925,85.24,-0.3896,0.7086,378.7361971010984,534.4502986873692,337
0.45,9,0.08,-29.89246404174865,24.723700337113637,19.066646,-1.2091,-1.5678,81.58,-0.3443,0.7714,417.18987222346726,540.7928386183169,338
0.45,9,0.09,-30.956804961872052,25.401123012403758,19.655881,-1.2187,-1.5749,81.43,-0.3558,0.7668,420.854796454843,548.8587280829012,339
0.45,9,0.1,-26.80395217349166,24.812122718916505,18.536782,-1.0803,-1.446,76.65,-0.3371,0.7851,405.00662809485544,515.8388430344519,340
0.45,9,0.11,-27.38384767628193,26.569187776262794,20.057684,-1.0307,-1.3653,77.9,-0.3415,0.7892,423.83301253651933,537.063049356701,341
0.45,9,0.12,-22.002183423125,26.812795687305286,20.098303,-0.8206,-1.0947,72.48,-0.3117,0.8216,419.07974331447065,510.0570255640589,342
0.45,9,0.13,-28.154796857252773,28.71242890605754,21.209914,-0.9806,-1.3274,79.56,-0.3466,0.7791,410.60075498449356,527.0186054815467,343
0.45,9,0.14,-29.54329865717822,29.769522569301778,22.210657,-0.9924,-1.3301,81.46,-0.3534,0.7598,386.3166299761596,508.4758252173489,344
0.45,9,0.15,-33.825934071655404,30.184534516875612,22.92664,-1.1206,-1.4754,84.46,-0.3774,0.7257,369.98151068827804,509.8490634766309,345
0.45,10,0.01,-32.985497329347695,16.30092176994439,12.69749,-2.0235,-2.5978,79.42,-0.3659,0.678,287.2092795381235,423.6016930983627,346
0.45,10,0.02,-31.566521454212747,17.14381152302233,13.226469,-1.8413,-2.3866,77.79,-0.3618,0.7012,306.3643302769508,436.8893912106401,347
0.45,10,0.03,-30.38971242461364,17.897189927651727,13.857799,-1.698,-2.193,76.68,-0.3572,0.7216,325.7553054433648,451.41435443720377,348
0.45,10,0.04,-30.503129542179373,18.875173408664303,14.737441,-1.616,-2.0698,77.14,-0.3579,0.7306,341.968475380298,468.0964951539126,349
0.45,10,0.05,-24.934595789491944,20.362069972388756,15.890965,-1.2246,-1.5691,72.84,-0.3252,0.782,369.8643411326284,472.9669157860037,350
0.45,10,0.06,-26.78678796522535,21.153822524945937,16.530646,-1.2663,-1.6204,76.84,-0.3281,0.7757,383.11054255088237,493.8717848515364,351
0.45,10,0.07,-35.94250916858843,23.880604770047263,19.118828,-1.5051,-1.88,85.11,-0.3782,0.7272,396.14221229191753,544.7616351239379,352
0.45,10,0.08,-34.10523921597032,24.204220794988053,19.355317,-1.4091,-1.7621,84.01,-0.3689,0.7389,399.08619747342414,540.1086548664442,353
0.45,10,0.09,-34.66875235909715,24.912875727608565,19.745105,-1.3916,-1.7558,84.75,-0.3716,0.7402,408.4241503800222,551.7766898966064,354
0.45,10,0.1,-33.81224948349811,25.568931428969872,20.286841,-1.3224,-1.6667,83.66,-0.3708,0.7494,418.1661892494308,557.9771573518317,355
0.45,10,0.11,-25.140854667176978,25.309621845300466,19.523659,-0.9933,-1.2877,76.4,-0.3234,0.8061,432.11296684195696,536.0684055848077,356
0.45,10,0.12,-28.851748135463822,26.002247913159167,20.432043,-1.1096,-1.4121,80.33,-0.3434,0.783,430.4370683951542,549.7367571140165,357
0.45,10,0.13,-28.117172312314516,26.30084238299302,20.745411,-1.0691,-1.3553,79.94,-0.3392,0.7818,416.59968236404603,532.8619583538544,358
0.45,10,0.14,-24.867233922176847,26.288359600990468,20.3772,-0.9459,-1.2203,78.33,-0.3153,0.7936,395.4359769561528,498.2600156343601,359
0.45,10,0.15,-21.879709132587706,27.11195884478193,20.08443,-0.807,-1.0894,76.35,-0.2954,0.8111,388.4249296527035,478.8957904311019,360
0.5,3,0.01,-19.65749041418468,15.681179210358904,10.729396,-1.2536,-1.8321,69.12,-0.2726,0.7768,282.8421598761879,364.12432262055466,361
0.5,3,0.02,-15.495750263684707,19.282864667442293,12.469481,-0.8036,-1.2427,68.51,-0.232,0.8463,352.8100240343748,416.8837215532616,362
0.5,3,0.03,-9.72063070339078,21.663558577335852,13.642066,-0.4487,-0.7125,63.88,-0.1771,0.9126,419.82405132181884,460.01808780171245,363
0.5,3,0.04,-17.810962522198157,25.427576263791106,17.052953,-0.7005,-1.0445,74.64,-0.2536,0.8619,459.77111230419086,533.4180287650261,364
0.5,3,0.05,-15.575378462684744,28.97654275555851,18.066105,-0.5375,-0.8621,79.95,-0.2228,0.8824,483.24650246402535,547.6494562660789,365
0.5,3,0.06,-5.7667098630868825,31.36826409861286,19.083952,-0.1838,-0.3022,72.78,-0.1363,0.9566,525.2449285425563,549.0898161510346,366
0.5,3,0.07,-5.39466416165096,33.58295867096273,19.83149,-0.1606,-0.272,67.91,-0.1488,0.9555,478.540676619378,500.8471847798553,367
0.5,3,0.08,-1.3956058719981428,33.64632406917201,20.99325,-0.0415,-0.0665,65.87,-0.0991,0.9874,452.7095572523141,458.48027677065556,368
0.5,3,0.09,2.9112444282386956,42.766350641544946,21.332637,0.0681,0.1365,69.14,-0.067,1.0263,469.46855985297805,457.43079519335606,369
0.5,3,0.1,18.154651082274402,55.869454351209605,21.090135,0.3249,0.8608,61.66,0.116,1.1773,498.4190560769953,423.35101469711464,370
0.5,3,0.11,37.187379414691264,97.91040330038521,18.338922,0.3798,2.0278,64.24,0.2215,1.4117,527.2733967899449,373.506534289515,371
0.5,3,0.12,40.07143264290011,97.65432314629615,17.711831,0.4103,2.2624,58.79,0.3037,1.4912,503.0153639493589,337.32317024339886,372
0.5,3,0.13,47.18841282925299,97.49563114919826,15.930493,0.484,2.9621,39.75,0.6735,1.6937,476.39965280879426,281.2793108719625,373
0.5,3,0.14,-3.6679805739056675,22.961423992300432,15.567524,-0.1597,-0.2356,42.56,-0.143,0.942,246.263253002995,261.4300615665255,374
0.5,3,0.15,-5.380020087824284,21.94020981033343,15.011914,-0.2452,-0.3584,47.74,-0.1565,0.9035,208.24829634556195,230.4942524229941,375
0.5,4,0.01,-21.79011431007437,15.351114827217513,11.166771,-1.4194,-1.9513,68.23,-0.3008,0.7508,271.4516210632603,361.5520143612661,376
0.5,4,0.02,-23.477838210583744,17.685543805531218,12.790679,-1.3275,-1.8355,70.89,-0.3125,0.7677,320.75382993500267,417.8328276152737,377
0.5,4,0.03,-23.235807598764353,20.63965702918951,13.735573,-1.1258,-1.6917,75.57,-0.296,0.7915,364.80650732382884,460.8847276330053,378
0.5,4,0.04,-19.36497614012617,25.827025760828366,16.568221,-0.7498,-1.1688,78.0,-0.2589,0.842,426.7005095497405,506.77314898629396,379
0.5,4,0.05,-19.964375163842583,29.10614650852462,18.842631,-0.6859,-1.0595,81.97,-0.2604,0.8513,472.6530944453818,555.2042012736515,380
0.5,4,0.06,-25.066533516007972,32.087403594656664,20.634188,-0.7812,-1.2148,84.42,-0.3064,0.8242,485.84767050640414,589.4957971876752,381
0.5,4,0.07,-23.45193485943502,35.927887654451936,22.140958,-0.6528,-1.0592,84.67,-0.3005,0.8311,477.1211829351193,574.0930723142118,382
0.5,4,0.08,-14.347512445946398,41.92918208826782,22.465455,-0.3422,-0.6386,80.09,-0.2443,0.8939,499.86283791234837,559.1886631848727,383
0.5,4,0.09,-10.69754001165208,41.776774119087825,22.308287,-0.2561,-0.4795,79.53,-0.2078,0.9157,480.72903137993876,524.9625103170081,384
0.5,4,0.1,-18.610832212888777,28.007394483160137,20.914127,-0.6645,-0.8899,78.85,-0.2563,0.8457,421.92262292490045,498.87693707502,385
0.5,4,0.11,-18.572751260898883,27.493243161805047,20.510754,-0.6755,-0.9055,78.39,-0.2559,0.8372,394.8570205550949,471.65387299103384,386
0.5,4,0.12,-13.454903591176551,27.177986858816162,19.306385,-0.4951,-0.6969,73.52,-0.2143,0.867,362.7738391828072,418.4087976828309,387
0.5,4,0.13,-15.169575042918499,27.24973368028073,19.71567,-0.5567,-0.7694,73.81,-0.2333,0.8405,330.42521983400627,393.150208701947,388
0.5,4,0.14,-7.93159053699817,27.130976598207745,19.28427,-0.2923,-0.4113,69.21,-0.1585,0.9076,322.30324974025945,355.09974711943437,389
0.5,4,0.15,-3.2876712034398112,28.17060382442438,19.266723,-0.1167,-0.1706,69.07,-0.1011,0.9574,305.8090145598876,319.40327405982526,390
0.5,5,0.01,-19.1635482914804,14.348821707286927,9.702349,-1.3355,-1.9751,67.96,-0.2689,0.7662,259.7144049808129,338.95415624955325,391
0.5,5,0.02,-17.452451602536115,15.220575307624745,10.523826,-1.1466,-1.6584,64.87,-0.2617,0.8006,289.6665101533275,361.8310124146078,392
0.5,5,0.03,-12.60733270780841,16.877822077141406,11.615767,-0.747,-1.0854,62.72,-0.2086,0.8646,332.95752419583675,385.08784436066355,393
0.5,5,0.04,-18.002665769043745,20.397121237987133,14.166393,-0.8826,-1.2708,71.46,-0.2543,0.8324,369.71789817467464,444.1574923466729,394
0.5,5,0.05,-19.531506046352398,21.696290666676425,15.286806,-0.9002,-1.2777,75.45,-0.2603,0.8311,397.4286097277082,478.1898371098478,395
0.5,5,0.06,-14.86589718360672,24.8354890985665,16.972189,-0.5986,-0.8759,75.49,-0.217,0.8751,430.6780784028507,492.1473834239546,396
0.5,5,0.07,-23.053927747835694,25.820575171752736,18.234994,-0.8929,-1.2643,77.55,-0.2986,0.8215,438.58349430768146,533.9096558681767,397
0.5,5,0.08,-17.895749056141174,26.96617119599445,18.542979,-0.6636,-0.9651,73.45,-0.2629,0.8625,464.2221990166414,538.2197010662411,398
0.5,5,0.09,-8.26564235713348,28.906518123410983,18.75866,-0.2859,-0.4406,65.57,-0.1766,0.9342,485.0977236560839,519.2754987994691,399
0.5,5,0.1,-12.20204965996713,29.674712118741596,19.623279,-0.4112,-0.6218,71.25,-0.2133,0.9058,485.1606815826573,535.6151885099815,400
0.5,5,0.11,-12.314085261126316,32.32671129202952,20.651416,-0.3809,-0.5963,72.98,-0.2179,0.905,484.7860836840292,535.7038489304324,401
0.5,5,0.12,-11.308115172016803,33.09855678351388,21.506246,-0.3416,-0.5258,75.53,-0.2023,0.9131,491.3160745834195,538.0742333502509,402
0.5,5,0.13,-17.907440792627895,31.393145126380016,20.841128,-0.5704,-0.8592,77.5,-0.2615,0.8444,401.8778485814661,475.9236950335227,403
0.5,5,0.14,-17.670990062361103,32.12221983659298,20.794594,-0.5501,-0.8498,79.58,-0.2534,0.8336,365.96509326121793,439.0332347095523,404
0.5,5,0.15,-15.489202944209923,30.867304200035978,19.314247,-0.5018,-0.802,81.93,-0.2206,0.8396,335.1521577187401,399.19878259122714,405
0.5,6,0.01,-21.64349699190693,13.785841460034057,9.894147,-1.57,-2.1875,65.83,-0.3072,0.7362,249.7366904505409,339.23083277421955,406
0.5,6,0.02,-20.495496735807066,15.566841123391963,10.823044,-1.3166,-1.8937,67.11,-0.2907,0.7728,288.2267092968957,372.97396167273286,407
0.5,6,0.03,-22.291400944659536,17.265169229428558,12.22786,-1.2911,-1.823,71.28,-0.2969,0.7724,312.8878055387583,405.0609792861203,408
0.5,6,0.04,-23.381374519773768,19.415992125417972,13.91806,-1.2042,-1.6799,70.88,-0.3149,0.7865,356.138949903061,452.819077877681,409
0.5,6,0.05,-27.87064557641617,21.087584430011592,15.780047,-1.3217,-1.7662,76.48,-0.3399,0.7654,375.97041109721454,491.21331859969735,410
0.5,6,0.06,-28.238736403737484,22.732982809220438,16.960523,-1.2422,-1.665,77.62,-0.3418,0.7712,393.67451985424935,510.439453714148,411
0.5,6,0.07,-29.45658757553148,23.6439407314788,17.325107,-1.2458,-1.7002,79.06,-0.3486,0.7663,399.3300106010003,521.1306624014122,412
0.5,6,0.08,-25.455998378543992,24.39002356322196,17.248351,-1.0437,-1.4759,75.31,-0.3283,0.7926,402.35887921778175,507.61741219572957,413
0.5,6,0.09,-18.981329739794376,24.660936488237407,17.966032,-0.7697,-1.0565,67.48,-0.2928,0.8435,422.88799045006476,501.37428246937327,414
0.5,6,0.1,-16.377201351134797,26.742578047962784,18.699954,-0.6124,-0.8758,68.61,-0.2629,0.8673,442.6698018385766,510.3882296476339,415
0.5,6,0.11,-9.583909955562348,27.332709829934625,18.969565,-0.3506,-0.5052,61.65,-0.2014,0.9199,455.2697038841794,494.8984109226553,416
0.5,6,0.12,-15.404034877336281,30.591926469624216,20.695883,-0.5035,-0.7443,72.29,-0.2498,0.8767,452.6945231075961,516.388984782931,417
0.5,6,0.13,-19.48937689693766,29.976296291474924,20.920448,-0.6502,-0.9316,74.49,-0.2848,0.8338,404.19719474293265,484.78422143582554,418
0.5,6,0.14,-20.905143409280825,30.06713688633966,21.243867,-0.6953,-0.9841,76.86,-0.2908,0.8144,379.38760787388145,465.8287167328919,419
0.5,6,0.15,-20.17782801640555,31.605276147684474,21.000178,-0.6384,-0.9608,78.0,-0.2825,0.8117,359.6267707267846,443.0604881596996,420
0.5,7,0.01,-31.149199690830407,14.068555950747491,10.831905,-2.2141,-2.8757,76.74,-0.3583,0.6497,238.85874869269935,367.6582172555775,421
0.5,7,0.02,-32.44797786226909,15.459655642544615,11.890133,-2.0989,-2.729,78.51,-0.364,0.6611,261.77708847941926,395.94690170356375,422
0.5,7,0.03,-35.084261065909445,16.822400317876486,12.963234,-2.0856,-2.7064,81.04,-0.3775,0.6645,287.3600780204318,432.43071306280336,423
0.5,7,0.04,-32.807740698590926,18.540973686209895,14.318203,-1.7695,-2.2913,79.7,-0.3665,0.7062,326.1395910041641,461.79699500389336,424
0.5,7,0.05,-31.186991758461268,20.242284045857115,15.368887,-1.5407,-2.0292,78.73,-0.3593,0.7327,353.5323114323261,482.48804719548735,425
0.5,7,0.06,-31.26090391659016,21.543338346111067,16.250123,-1.4511,-1.9237,79.77,-0.3576,0.7428,373.40128178669784,502.66263845767776,426
0.5,7,0.07,-40.30257058180824,24.001067541412496,18.672472,-1.6792,-2.1584,86.49,-0.4057,0.7023,393.12435142183125,559.7722821608954,427
0.5,7,0.08,-29.755238966070053,23.443221230373148,17.382357,-1.2692,-1.7118,78.36,-0.3542,0.7708,413.797601145848,536.8331527436455,428
0.5,7,0.09,-24.164872438432067,25.11577223969319,18.07832,-0.9621,-1.3367,73.63,-0.3246,0.8145,438.6708391401546,538.5906688260523,429
0.5,7,0.1,-36.12069866981878,26.281714865263982,19.936569,-1.3744,-1.8118,84.77,-0.3856,0.7381,420.90606009416894,570.2622823717529,430
0.5,7,0.11,-42.97883193116092,27.61038082699973,21.348979,-1.5566,-2.0132,88.9,-0.4205,0.7012,417.04497750048273,594.7590365174259,431
0.5,7,0.12,-44.90666559382857,31.096583066665207,25.337463,-1.4441,-1.7723,90.57,-0.4338,0.679,392.7136096167915,578.3991078261937,432
0.5,7,0.13,-42.07389605400094,30.82713996451578,25.116036,-1.3648,-1.6752,89.46,-0.4191,0.6838,376.2350422074898,550.2072631926842,433
0.5,7,0.14,-26.561093011944685,27.35486598968536,19.896218,-0.971,-1.335,79.57,-0.3279,0.7561,340.53483478850893,450.3628463696453,434
0.5,7,0.15,-25.47508471207002,29.217513411594076,20.846215,-0.8719,-1.222,80.11,-0.32,0.7657,344.2578949205007,449.59534837279034,435
0.5,8,0.01,-36.754628497382214,13.741982635335582,10.815081,-2.6746,-3.3985,81.83,-0.384,0.5915,220.09975032355175,372.07722212621945,436
0.5,8,0.02,-33.78995600081989,15.201552753325172,11.627149,-2.2228,-2.9061,80.17,-0.368,0.6416,250.16079994827135,389.8795862691219,437
0.5,8,0.03,-38.140358682135876,16.21481036516707,12.595918,-2.3522,-3.028,83.31,-0.3915,0.6343,273.54445029437244,431.25180643241043,438
0.5,8,0.04,-44.50585282253437,17.397095096970414,13.844525,-2.5582,-3.2147,87.32,-0.4227,0.6071,284.36498447254735,468.3931536831856,439
0.5,8,0.05,-47.62094927188997,18.778312343914276,14.870599,-2.536,-3.2024,89.18,-0.4373,0.6019,297.6633382186639,494.57218401751055,440
0.5,8,0.06,-45.29648657124636,21.259238821856137,16.736761,-2.1307,-2.7064,88.25,-0.4291,0.6471,343.49674624546844,530.7941232583206,441
0.5,8,0.07,-44.315735137167096,23.058105578048878,18.051317,-1.9219,-2.455,88.03,-0.4261,0.6723,375.86151639859673,559.1035640689464,442
0.5,8,0.08,-39.47954347024984,23.871629226556294,18.122738,-1.6538,-2.1785,85.78,-0.4024,0.7036,387.4790833847244,550.7238623371067,443
0.5,8,0.09,-40.215904621437815,28.853626298771225,23.107887,-1.3938,-1.7404,87.13,-0.4125,0.7162,419.6643297371602,585.9539036083435,444
0.5,8,0.1,-45.214545608148626,28.370874768065768,23.268819,-1.5937,-1.9431,89.63,-0.435,0.676,390.13874172407725,577.0972993577712,445
0.5,8,0.11,-49.98836946287975,29.531967776168997,24.505429,-1.6927,-2.0399,91.83,-0.4578,0.6536,389.94252352359354,596.6404639216915,446
0.5,8,0.12,-52.63243199337525,30.49683706174826,25.198488,-1.7258,-2.0887,92.92,-0.4704,0.6355,379.3729969002238,597.0039260156881,447
0.5,8,0.13,-63.16951486073231,32.51883697557905,27.315912,-1.9426,-2.3126,95.55,-0.5201,0.5912,377.7074849214445,638.9084154170123,448
0.5,8,0.14,-52.98049859004384,33.380098986286065,27.115738,-1.5872,-1.9539,93.43,-0.4754,0.6292,371.75478156739393,590.8249384357498,449
0.5,8,0.15,-43.00165255030042,32.378217547638,25.662861,-1.3281,-1.6756,89.97,-0.4262,0.6725,365.0553974565161,542.863817922441,450
0.5,9,0.01,-31.617318468155826,14.544550511382514,11.287922,-2.1738,-2.801,77.55,-0.3596,0.646,238.59419534363698,369.3292978984718,451
0.5,9,0.02,-33.779211251441595,15.28512266446008,11.959284,-2.2099,-2.8245,79.66,-0.3704,0.6467,255.66344951447877,395.3378071494079,452
0.5,9,0.03,-34.81227417431184,16.115032503057662,12.641147,-2.1602,-2.7539,80.54,-0.3765,0.6612,280.9395690119705,424.88555984384726,453
0.5,9,0.04,-34.06106960049917,17.31981800775834,13.612218,-1.9666,-2.5022,79.95,-0.3745,0.6864,308.2575141385819,449.0973336771538,454
0.5,9,0.05,-38.07622698561469,18.431367569414544,14.620577,-2.0658,-2.6043,83.1,-0.3952,0.6706,320.508776017975,477.9509526807151,455
0.5,9,0.06,-39.22028317062621,19.717089232821966,15.654032,-1.9892,-2.5054,84.26,-0.4008,0.6728,333.46446906480895,495.6372272544618,456
0.5,9,0.07,-41.29376674992729,20.83936273526151,16.40795,-1.9815,-2.5167,86.34,-0.4085,0.6732,351.67159785345746,522.4180460813316,457
0.5,9,0.08,-35.091262518633066,22.641275951516697,17.656738,-1.5499,-1.9874,82.71,-0.3796,0.7297,391.7516763247273,536.8512618184402,458
0.5,9,0.09,-45.870641257680354,25.038799774356185,20.466118,-1.832,-2.2413,89.22,-0.4348,0.6759,395.47257709120805,585.1440381646323,459
0.5,9,0.1,-48.98133975704387,25.576885767952568,20.979445,-1.9151,-2.3347,90.44,-0.4506,0.6582,390.0628459761765,592.5967984636358,460
0.5,9,0.11,-46.146060237685504,27.95890267509199,22.306841,-1.6505,-2.0687,89.61,-0.44,0.6906,425.84592305259525,616.6562197496917,461
0.5,9,0.12,-42.89337516410519,28.379160466299385,22.630439,-1.5114,-1.8954,88.17,-0.4253,0.7053,424.5499924831564,601.9106945506071,462
0.5,9,0.13,-50.58344404767896,28.846511018523245,23.512666,-1.7535,-2.1513,91.57,-0.461,0.6604,406.6939283303984,615.8524549084996,463
0.5,9,0.14,-48.49306801197486,29.112372374982527,23.835919,-1.6657,-2.0345,91.0,-0.451,0.6536,378.28103515077345,578.796022724098,464
0.5,9,0.15,-50.40263847266581,29.198640393326798,24.17241,-1.7262,-2.0851,91.64,-0.4603,0.6332,359.7522172607957,568.1631271358663,465
0.5,10,0.01,-30.631962079505936,13.737785917179144,10.553204,-2.2298,-2.9026,76.07,-0.3561,0.6457,230.8138539196805,357.474586010336,466
0.5,10,0.02,-29.41382676324823,14.679299056456289,11.26736,-2.0038,-2.6105,74.91,-0.351,0.6778,255.80628843435784,377.4301276696937,467
0.5,10,0.03,-27.35967325077381,15.490478593677059,11.878394,-1.7662,-2.3033,72.64,-0.3422,0.7089,275.4806014853641,388.6106789746748,468
0.5,10,0.04,-26.692169751224988,16.798234942207028,13.020392,-1.589,-2.05,72.37,-0.3387,0.7336,303.91186519377857,414.28186868892317,469
0.5,10,0.05,-22.854704662872386,19.316245229636888,14.574103,-1.1832,-1.5682,68.62,-0.3193,0.7873,349.8324076623154,444.33479757784323,470
0.5,10,0.06,-24.44031884214474,20.235255334393795,15.569515,-1.2078,-1.5698,72.76,-0.3201,0.7839,366.68176548236386,467.74054418678776,471
0.5,10,0.07,-26.585149958234627,23.314718318900205,17.145942,-1.1403,-1.5505,77.43,-0.3281,0.786,403.8351595658268,513.7626447105905,472
0.5,10,0.08,-26.014509085793446,24.117769244441195,17.791377,-1.0786,-1.4622,76.52,-0.3283,0.7965,421.12281391631836,528.690744342496,473
0.5,10,0.09,-32.90038592489936,25.923354365103858,19.731519,-1.2691,-1.6674,82.73,-0.3679,0.7605,431.99019116888576,568.0306758266046,474
0.5,10,0.1,-32.22551254296815,26.74337668759096,20.423039,-1.205,-1.5779,81.4,-0.37,0.7703,446.78485368717367,580.0347904719864,475
0.5,10,0.11,-30.36922195134923,26.805018401780835,20.193449,-1.133,-1.5039,79.99,-0.3602,0.7838,455.1268704481983,580.701192961317,476
0.5,10,0.12,-33.124281200177904,27.678160040968937,20.868433,-1.1968,-1.5873,83.56,-0.3699,0.7665,449.56965957806113,586.5359334295905,477
0.5,10,0.13,-33.024432259050776,27.811635434395537,21.093641,-1.1874,-1.5656,83.36,-0.3704,0.7621,437.49790036921024,574.0513067736979,478
0.5,10,0.14,-36.85438411629081,27.446740360684025,21.487604,-1.3428,-1.7151,86.01,-0.3885,0.7239,399.4523996907806,551.8423530605228,479
0.5,10,0.15,-36.27707313894966,28.06980640250411,21.689941,-1.2924,-1.6725,86.27,-0.3841,0.7288,403.16934138680176,553.1721596835698,480
