Date,Price
2/28/17,100
3/1/17,102.71
3/2/17,107.33
3/3/17,107.27
3/6/17,107.39
3/7/17,104.28
3/8/17,97.6
3/9/17,101.15
3/10/17,108.19
3/13/17,103.97
3/14/17,104.97
3/15/17,104.87
3/16/17,98.88
3/17/17,94.13
3/20/17,86.8
3/21/17,93.1
3/22/17,84.75
3/23/17,87.22
3/24/17,82.17
3/27/17,85.34
3/28/17,86.09
3/29/17,87.1
3/30/17,86.51
3/31/17,91
4/3/17,96.85
4/4/17,96.03
4/5/17,94.86
4/6/17,99.36
4/7/17,100.5
4/10/17,101.38
4/11/17,102.54
4/12/17,101.98
4/13/17,98.2
4/14/17,99.05
4/17/17,99.99
4/18/17,100.88
4/19/17,101.15
4/20/17,103.38
4/21/17,104.58
4/24/17,105.39
4/25/17,107.77
4/26/17,109.54
4/27/17,112.39
4/28/17,110.73
5/1/17,117.79
5/2/17,121.87
5/3/17,125.17
5/4/17,130.53
5/5/17,130.42
5/8/17,138.47
5/9/17,146.27
5/10/17,148.7
5/11/17,153.93
5/12/17,141.25
5/15/17,144.09
5/16/17,148.3
5/17/17,153.99
5/18/17,157.54
5/19/17,162.63
5/22/17,178.31
5/23/17,184.56
5/24/17,204.1
5/25/17,198.69
5/26/17,192.91
5/29/17,195.92
5/30/17,187.87
5/31/17,192.35
6/1/17,200.29
6/2/17,202.41
6/5/17,222.22
6/6/17,238.97
6/7/17,232.32
6/8/17,230.9
6/9/17,238.12
6/12/17,214.3
6/13/17,227.72
6/14/17,213.64
6/15/17,194.23
6/16/17,209.05
6/19/17,211.09
6/20/17,219.53
6/21/17,201.14
6/22/17,208.76
6/23/17,210.9
6/26/17,165.96
6/27/17,178.23
6/28/17,200.19
6/29/17,197.63
6/30/17,191.28
7/3/17,191.23
7/4/17,189.86
7/5/17,192.58
7/6/17,189.66
7/7/17,181.94
7/10/17,168.3
7/11/17,156.3
7/12/17,168.63
7/13/17,160.53
7/14/17,152.49
7/17/17,144.54
7/18/17,169.99
7/19/17,153.51
7/20/17,182.51
7/21/17,179
7/24/17,188.4
7/25/17,167.78
7/26/17,166.99
7/27/17,171.79
7/28/17,178.34
7/31/17,184.25
8/1/17,188.79
8/2/17,182.49
8/3/17,188.44
8/4/17,189.4
8/7/17,226.26
8/8/17,236.67
8/9/17,232.09
8/10/17,238.33
8/11/17,243.12
8/14/17,275.57
8/15/17,262.68
8/16/17,278.43
8/17/17,279.12
8/18/17,268.81
8/21/17,273.12
8/22/17,272.93
8/23/17,274.42
8/24/17,281.08
8/25/17,286.14
8/28/17,291.71
8/29/17,310.48
8/30/17,312.48
8/31/17,320.82
9/1/17,328.67
9/4/17,293.19
9/5/17,292.05
9/6/17,303.7
9/7/17,302.22
9/8/17,272.66
9/11/17,272.79
9/12/17,271.09
9/13/17,249.01
9/14/17,216.76
9/15/17,240.53
9/18/17,263.6
9/19/17,256.32
9/20/17,259.13
9/21/17,236.45
9/22/17,234.99
9/25/17,259.86
9/26/17,257.66
9/27/17,274.81
9/28/17,271.47
9/29/17,270.33
10/2/17,282.38
10/3/17,274.81
10/4/17,271.6
10/5/17,280.3
10/6/17,280.97
10/9/17,299.66
10/10/17,304.85
10/11/17,304.11
10/12/17,326.12
10/13/17,344.76
10/16/17,353.62
10/17/17,345.89
10/18/17,329.75
10/19/17,342.17
10/20/17,361.65
10/23/17,349.65
10/24/17,344.02
10/25/17,340.38
10/26/17,350.95
10/27/17,344.6
10/30/17,362.89
10/31/17,375.44
11/1/17,385
11/2/17,400.65
11/3/17,417.74
11/6/17,408.72
11/7/17,403.46
11/8/17,420.82
11/9/17,418.92
11/10/17,377.75
11/13/17,381.21
11/14/17,397.41
11/15/17,422.01
11/16/17,445.86
11/17/17,444.05
11/20/17,477.61
11/21/17,478.57
11/22/17,477.78
11/23/17,488.56
11/24/17,500.23
11/27/17,570.92
11/28/17,580.44
11/29/17,553.04
11/30/17,555.57
12/1/17,623.79
12/4/17,654.05
12/5/17,668.66
12/6/17,732.2
12/7/17,838.5
12/8/17,811.29
12/11/17,923.9
12/12/17,942.08
12/13/17,929.93
12/14/17,938.68
12/15/17,1004.37
12/18/17,1075.89
12/19/17,1068.64
12/20/17,1044.54
12/21/17,946.51
12/22/17,896.5
12/25/17,882.56
12/26/17,986.63
12/27/17,928.47
12/28/17,876.57
12/29/17,907.16
1/1/18,863.72
1/2/18,972.76
1/3/18,976.96
1/4/18,973.47
1/5/18,1052.05
1/8/18,1023.29
1/9/18,1038.49
1/10/18,1052.85
1/11/18,975.29
1/12/18,1012.22
1/15/18,1010.57
1/16/18,795.4
1/17/18,775.02
1/18/18,851.4
1/19/18,816.04
1/22/18,747.63
1/23/18,791.86
1/24/18,798.98
1/25/18,814.42
1/26/18,792.24
1/29/18,833.62
1/30/18,750.67
1/31/18,763.77
2/1/18,698.92
2/2/18,633.78
2/5/18,521.37
2/6/18,555.45
2/7/18,594.8
2/8/18,607.7
2/9/18,633.23
2/12/18,646.18
2/13/18,634.24
2/14/18,676.07
2/15/18,717.74
2/16/18,720.51
2/19/18,776.48
2/20/18,793.18
2/21/18,702.29
2/22/18,684.04
2/23/18,687.39
2/26/18,703.99
2/27/18,725.19
2/28/18,722.42
3/1/18,743.06
3/2/18,738.33
3/5/18,760.85
3/6/18,706.21
3/7/18,646.85
3/8/18,621.09
3/9/18,599.07
3/12/18,594.67
3/13/18,600.74
3/14/18,546.68
3/15/18,539.44
3/16/18,562.54
3/19/18,532.22
3/20/18,568.41
3/21/18,563.14
3/22/18,541.64
3/23/18,538.9
3/26/18,491.48
3/27/18,484.93
3/28/18,481.61
3/29/18,441.46
3/30/18,410.39
4/2/18,419.08
4/3/18,451.03
4/4/18,415.02
4/5/18,408.01
4/6/18,398.62
4/9/18,407.48
4/10/18,420.24
4/11/18,427.11
4/12/18,474.07
4/13/18,508.69
4/16/18,502.33
4/17/18,499.87
4/18/18,519.41
4/19/18,540.09
4/20/18,573.05
4/23/18,601.14
4/24/18,652.12
4/25/18,602.14
4/26/18,596.43
4/27/18,614.44
4/30/18,633.15
5/1/18,611.86
5/2/18,628.14
5/3/18,671
5/4/18,678.38
5/7/18,664.15
5/8/18,649
5/9/18,652.13
5/10/18,636.23
5/11/18,594.97
5/14/18,614.86
5/15/18,595.02
5/16/18,574.31
5/17/18,566.22
5/18/18,570.16
5/21/18,577.32
5/22/18,558.79
5/23/18,509.59
5/24/18,512.18
5/25/18,498.97
5/28/18,474.15
5/29/18,497.52
5/30/18,485.36
5/31/18,504.57
6/1/18,499.05
6/4/18,510.78
6/5/18,522.09
6/6/18,514.53
6/7/18,524.22
6/8/18,518.62
6/11/18,452.51
6/12/18,431.59
6/13/18,414.26
6/14/18,445.86
6/15/18,434.6
6/18/18,443.36
6/19/18,450.32
6/20/18,448.28
6/21/18,442.96
6/22/18,403.77
6/25/18,399.27
6/26/18,388.25
6/27/18,386.13
6/28/18,382.56
6/29/18,365.29
7/2/18,422.27
7/3/18,418.87
7/4/18,424.76
7/5/18,410.88
7/6/18,413.17
7/9/18,420.47
7/10/18,394.6
7/11/18,392.85
7/12/18,382.54
7/13/18,383.37
7/16/18,421.91
7/17/18,455.12
7/18/18,453.36
7/19/18,449.58
7/20/18,435.96
7/23/18,452.29
7/24/18,479.56
7/25/18,475.74
7/26/18,479.86
7/27/18,474.72
7/30/18,464.76
7/31/18,443.57
8/1/18,433.27
8/2/18,427.31
8/3/18,422.6
8/6/18,402.66
8/7/18,400.72
8/8/18,359.76
8/9/18,365.61
8/10/18,359.47
8/13/18,331.49
8/14/18,315.51
8/15/18,334.66
8/16/18,338.44
8/17/18,348.78
8/20/18,341.84
8/21/18,337.91
8/22/18,335.21
8/23/18,335.57
8/24/18,345.64
8/27/18,351.37
8/28/18,372.51
8/29/18,366.26
8/30/18,354.21
8/31/18,367.11
9/3/18,382.85
9/4/18,381.95
9/5/18,346.5
9/6/18,325.3
9/7/18,321.51
9/10/18,309.1
9/11/18,302.52
9/12/18,303.71
9/13/18,316.34
9/14/18,322.51
9/17/18,305.45
9/18/18,311.71
9/19/18,317.38
9/20/18,320.81
9/21/18,352.9
9/24/18,341.12
9/25/18,321.33
9/26/18,334.4
9/27/18,348.2
9/28/18,344.2
10/1/18,340.86
10/2/18,339.54
10/3/18,331.32
10/4/18,339.34
10/5/18,336.98
10/8/18,342.83
10/9/18,339.09
10/10/18,336.36
10/11/18,311.3
10/12/18,311.73
10/15/18,321.54
10/16/18,325.31
10/17/18,325.5
10/18/18,321.77
10/19/18,321.32
10/22/18,321.67
10/23/18,322.08
10/24/18,322.77
10/25/18,321.91
10/26/18,321.28
10/29/18,311.08
10/30/18,311.25
10/31/18,314.69
11/1/18,315.34
11/2/18,319.81
11/5/18,327.76
11/6/18,334.71
11/7/18,338.33
11/8/18,332.05
11/9/18,326.51
11/12/18,326.45
11/13/18,323.62
11/14/18,278.58
11/15/18,279.02
11/16/18,278.44
11/19/18,248.09
11/20/18,218.03
11/21/18,223.59
11/22/18,222.06
11/23/18,209.9
11/26/18,182.51
11/27/18,184.22
11/28/18,213.23
11/29/18,204.84
11/30/18,194.64
12/3/18,187.05
12/4/18,187.95
12/5/18,180.56
12/6/18,173.46
12/7/18,159.11
12/10/18,161.99
12/11/18,158.72
12/12/18,163.7
12/13/18,153.87
12/14/18,149.91
12/17/18,171.24
12/18/18,169.6
12/19/18,181.93
12/20/18,191.45
12/21/18,186.47
12/24/18,204.66
12/25/18,192.54
12/26/18,190.63
12/27/18,178.64
12/28/18,198.51
12/31/18,187.06
1/1/19,191.91
1/2/19,201.68
1/3/19,196.11
1/4/19,196.69
1/7/19,205.33
1/8/19,204.77
1/9/19,204.58
1/10/19,182.53
1/11/19,182.89
1/14/19,184.2
1/15/19,177.35
1/16/19,179.35
1/17/19,181.05
1/18/19,179.33
1/21/19,175.56
1/22/19,178.56
1/23/19,175.73
1/24/19,177.42
1/25/19,175.91
1/28/19,165.78
1/29/19,165.11
1/30/19,169.48
1/31/19,168.46
2/1/19,169.43
2/4/19,168.08
2/5/19,168
2/6/19,164.44
2/7/19,164.62
2/8/19,180.17
2/11/19,179.33
2/12/19,180.8
2/13/19,177.87
2/14/19,177.82
2/15/19,177.96
2/18/19,197.11
2/19/19,200.91
2/20/19,201.84
2/21/19,198.22
2/22/19,201.05
2/25/19,193.93
2/26/19,191.76
2/27/19,186.89
2/28/19,192.27
3/1/19,194.32
3/4/19,185.57
3/5/19,194.49
3/6/19,195.12
3/7/19,196.82
3/8/19,197.61
3/11/19,193.96
3/12/19,195.15
3/13/19,195.13
3/14/19,195.05
3/15/19,199.31
3/18/19,201.88
3/19/19,203.57
3/20/19,203.93
3/21/19,200.85
3/22/19,202.55
3/25/19,198.17
3/26/19,198.94
3/27/19,205.67
3/28/19,205.38
3/29/19,208.9
4/1/19,210.91
4/2/19,242.76
4/3/19,267.68
4/4/19,245.53
4/5/19,258.09
4/8/19,266.95
4/9/19,266.92
4/10/19,276.05
4/11/19,255.24
4/12/19,254.77
4/15/19,251.98
4/16/19,261.73
4/17/19,263.21
4/18/19,267.97
4/19/19,267.82
4/22/19,269.08
4/23/19,275.05
4/24/19,263.75
4/25/19,266.93
4/26/19,250.99
4/29/19,251.86
4/30/19,258.1
5/1/19,260.51
5/2/19,264.13
5/3/19,277.9
5/6/19,279.05
5/7/19,281.08
5/8/19,280.8
5/9/19,284.42
5/10/19,296.92
5/13/19,360.01
5/14/19,360.84
5/15/19,389.68
5/16/19,380.72
5/17/19,343.98
5/20/19,375.38
5/21/19,386.23
5/22/19,380.78
5/23/19,370.49
5/24/19,386.59
5/27/19,423.83
5/28/19,420.34
5/29/19,422.24
5/30/19,415.5
5/31/19,407.34
6/3/19,412.14
6/4/19,365.39
6/5/19,376.72
6/6/19,366.89
6/7/19,384.69
6/10/19,385.53
6/11/19,383.65
6/12/19,396.15
6/13/19,399.43
6/14/19,401.82
6/17/19,440.51
6/18/19,428.27
6/19/19,433.51
6/20/19,446.31
6/21/19,466.06
6/24/19,503.61
6/25/19,518.26
6/26/19,609.29
6/27/19,486.17
6/28/19,543.45
7/1/19,463.69
7/2/19,482.18
7/3/19,500.99
7/4/19,520.22
7/5/19,493.68
7/8/19,536.65
7/9/19,542.11
7/10/19,518.43
7/11/19,497.31
7/12/19,500.03
7/15/19,459.73
7/16/19,410.14
7/17/19,415.62
7/18/19,449.59
7/19/19,443.1
7/22/19,430.87
7/23/19,433.93
7/24/19,415.83
7/25/19,421.8
7/26/19,425.83
7/29/19,406.99
7/30/19,413.96
7/31/19,428.44
8/1/19,439.07
8/2/19,442.21
8/5/19,490.18
8/6/19,484.5
8/7/19,487.5
8/8/19,477.2
8/9/19,482.02
8/12/19,471.65
8/13/19,453.13
8/14/19,417.68
8/15/19,416.65
8/16/19,431.06
8/19/19,440.96
8/20/19,440.79
8/21/19,416.83
8/22/19,421.19
8/23/19,430.51
8/26/19,423.68
8/27/19,418.4
8/28/19,395.51
8/29/19,389.53
8/30/19,392.47
9/2/19,415.17
9/3/19,431.47
9/4/19,432.47
9/5/19,423.82
9/6/19,417.46
9/9/19,420.77
9/10/19,408.92
9/11/19,410.5
9/12/19,419.37
9/13/19,415.46
9/16/19,416.18
9/17/19,428.47
9/18/19,427.96
9/19/19,430.63
9/20/19,425.45
9/23/19,409.6
9/24/19,353.35
9/25/19,345.85
9/26/19,336.39
9/27/19,332.66
9/30/19,345.87
10/1/19,346.11
10/2/19,345.35
10/3/19,339.77
10/4/19,343.54
10/7/19,347.03
10/8/19,344.23
10/9/19,362.9
10/10/19,360.8
10/11/19,349.4
10/14/19,353.03
10/15/19,344.61
10/16/19,335.33
10/17/19,340.79
10/18/19,336.35
10/21/19,344.92
10/22/19,343.33
10/23/19,315.44
10/24/19,317.1
10/25/19,362.2
10/28/19,390.71
10/29/19,386.63
10/30/19,384.54
10/31/19,385.14
11/1/19,382.41
11/4/19,395.05
11/5/19,392.44
11/6/19,390.44
11/7/19,384.58
11/8/19,370.18
11/11/19,368.39
11/12/19,370.75
11/13/19,369.46
11/14/19,364.92
11/15/19,356.46
11/18/19,345.3
11/19/19,340.9
11/20/19,339.94
11/21/19,318.08
11/22/19,307.22
11/25/19,298.41
11/26/19,297.92
11/27/19,314.96
11/28/19,315.68
11/29/19,321.86
12/2/19,303.68
12/3/19,304.22
12/4/19,300.65
12/5/19,306.75
12/6/19,308.42
12/9/19,302.72
12/10/19,298.96
12/11/19,297.27
12/12/19,300.92
12/13/19,300.87
12/16/19,282.31
12/17/19,268.32
12/18/19,290.3
12/19/19,289.99
12/20/19,292.86
12/23/19,299.34
12/24/19,292.76
12/25/19,292.73
12/26/19,293.73
12/27/19,292.74
12/30/19,296.01
12/31/19,291.1
1/1/20,294.67
1/2/20,282.83
1/3/20,298.82
1/6/20,311.62
1/7/20,332.86
1/8/20,325.12
1/9/20,316.24
1/10/20,329.67
1/13/20,333.56
1/14/20,360.33
1/15/20,366.29
1/16/20,363.06
1/17/20,370.22
1/20/20,360.83
1/21/20,363.91
1/22/20,360.98
1/23/20,347.15
1/24/20,352.1
1/27/20,373.89
1/28/20,377.09
1/29/20,389.64
1/30/20,400.09
1/31/20,388.63
2/3/20,392.53
2/4/20,387.44
2/5/20,411.33
2/6/20,417.68
2/7/20,417.16
2/10/20,423.91
2/11/20,443.14
2/12/20,457.24
2/13/20,449.1
2/14/20,460.3
2/17/20,420.68
2/18/20,447.74
2/19/20,442.77
2/20/20,416
2/21/20,422.45
2/24/20,417.06
2/25/20,403.63
2/26/20,377.58
2/27/20,382.73
2/28/20,370.21
3/2/20,383.16
3/3/20,373.9
3/4/20,372.84
3/5/20,391.26
3/6/20,393.34
3/9/20,333.35
3/10/20,338.53
3/11/20,331.97
3/12/20,252.4
3/13/20,227.81
3/16/20,210.49
3/17/20,224.79
3/18/20,223.55
3/19/20,261.03
3/20/20,256.04
3/23/20,260.71
3/24/20,278
3/25/20,273.28
3/26/20,275.6
3/27/20,276.4
3/30/20,265.08
3/31/20,269.05
4/1/20,258.4
4/2/20,282.08
4/3/20,282.41
4/6/20,306.54
4/7/20,307.34
4/8/20,309.9
4/9/20,306.32
4/10/20,290.45
4/13/20,286.3
4/14/20,291.58
4/15/20,283.44
4/16/20,296.05
4/17/20,299.41
4/20/20,287.1
4/21/20,292.11
4/22/20,301.96
4/23/20,319.51
4/24/20,319.21
4/27/20,326.23
4/28/20,328.07
4/29/20,368.76
4/30/20,368.94
5/1/20,365.65
5/4/20,368.19
5/5/20,370.16
5/6/20,380.83
5/7/20,403.89
5/8/20,407.27
5/11/20,356.9
5/12/20,361.19
5/13/20,374.58
5/14/20,392.25
5/15/20,378.26
5/18/20,396.73
5/19/20,394.09
5/20/20,389.53
5/21/20,369.57
5/22/20,376.64
5/25/20,368.48
5/26/20,362.35
5/27/20,376.24
5/28/20,388.4
5/29/20,387.38
6/1/20,399.21
6/2/20,395.7
6/3/20,400.04
6/4/20,408.44
6/5/20,405.82
6/8/20,404.4
6/9/20,405.62
6/10/20,411.59
6/11/20,384.9
6/12/20,392.62
6/15/20,391.12
6/16/20,393.6
6/17/20,387.26
6/18/20,389.13
6/19/20,385.39
6/22/20,398.4
6/23/20,401.22
6/24/20,386.73
6/25/20,386.53
6/26/20,382.17
6/29/20,379.82
6/30/20,378.36
7/1/20,384.26
7/2/20,375.69
7/3/20,378.11
7/6/20,389.09
7/7/20,388.37
7/8/20,400.6
7/9/20,389.64
7/10/20,390.63
7/13/20,390.34
7/14/20,394.18
7/15/20,389.26
7/16/20,385.75
7/17/20,387.29
7/20/20,386.74
7/21/20,396.5
7/22/20,397.38
7/23/20,411.25
7/24/20,413.03
7/27/20,464.13
7/28/20,472.54
7/29/20,480.34
7/30/20,480.1
7/31/20,490.25
8/3/20,506.39
8/4/20,498.74
8/5/20,515.19
8/6/20,524.02
8/7/20,504.07
8/10/20,523.15
8/11/20,501.88
8/12/20,510.78
8/13/20,512.87
8/14/20,533.92
8/17/20,556.89
8/18/20,538.88
8/19/20,518.63
8/20/20,529.33
8/21/20,517.37
8/24/20,521.45
8/25/20,498.21
8/26/20,507.4
8/27/20,495.06
8/28/20,509.18
8/31/20,528.34
9/1/20,546.19
9/2/20,514.02
9/3/20,482.81
9/4/20,475.25
9/7/20,448.06
9/8/20,441.31
9/9/20,456.37
9/10/20,457.89
9/11/20,461.07
9/14/20,473.6
9/15/20,473.65
9/16/20,480.13
9/17/20,483.76
9/18/20,478.87
9/21/20,454.01
9/22/20,454.07
9/23/20,443.17
9/24/20,461.03
9/25/20,467.76
9/28/20,475.09
9/29/20,468.93
9/30/20,466.91
10/1/20,462.46
10/2/20,456.25
10/5/20,467.44
10/6/20,458.28
10/7/20,461.46
10/8/20,472.54
10/9/20,481.09
10/12/20,504.9
10/13/20,497.18
10/14/20,493.81
10/15/20,501.17
10/16/20,489.51
10/19/20,504.97
10/20/20,506.84
10/21/20,539.63
10/22/20,559.31
10/23/20,550.98
10/26/20,549.34
10/27/20,574
10/28/20,551.87
10/29/20,562.69
10/30/20,561.25
11/2/20,564.86
11/3/20,565
11/4/20,578.25
11/5/20,615.67
11/6/20,636.75
11/9/20,633.7
11/10/20,632.55
11/11/20,649.3
11/12/20,660.39
11/13/20,667.19
11/16/20,685.24
11/17/20,719.54
11/18/20,713.21
11/19/20,728.42
11/20/20,756.68
11/23/20,785.84
11/24/20,825.3
11/25/20,807.11
11/26/20,729.5
11/27/20,722.93
11/30/20,828.09
12/1/20,810.45
12/2/20,813.48
12/3/20,826.01
12/4/20,803.51
12/7/20,805.54
12/8/20,784.33
12/9/20,776.15
12/10/20,776.09
12/11/20,757.86
12/14/20,804.74
12/15/20,815.62
12/16/20,868.56
12/17/20,940.8
12/18/20,941.04
12/21/20,927.64
12/22/20,945.56
12/23/20,923.06
12/24/20,924.12
12/25/20,963.7
12/28/20,1061.88
12/29/20,1060.19
12/30/20,1119.05
12/31/20,1131.79
1/1/21,1134.36
1/4/21,1262.58
1/5/21,1365.25
1/6/21,1465.5
1/7/21,1574.61
1/8/21,1534.07
1/11/21,1333.66
1/12/21,1374.2
1/13/21,1451.36
1/14/21,1569.49
1/15/21,1438.14
1/18/21,1487.61
1/19/21,1529.48
1/20/21,1475.62
1/21/21,1340.09
1/22/21,1409.29
1/25/21,1424.57
1/26/21,1374.7
1/27/21,1348.21
1/28/21,1393.22
1/29/21,1456.2
2/1/21,1444.48
2/2/21,1546.01
2/3/21,1617.45
2/4/21,1636.85
2/5/21,1665.3
2/8/21,1880.27
2/9/21,1998.42
2/10/21,1925.82
2/11/21,2030.56
2/12/21,2082.18
2/15/21,2118.09
2/16/21,2092.9
2/17/21,2234.84
2/18/21,2261.32
2/19/21,2406.13
2/22/21,2310.1
2/23/21,2037.67
2/24/21,2101.13
2/25/21,2098.65
2/26/21,1980.11
3/1/21,2080.82
3/2/21,2032.22
3/3/21,2158.17
3/4/21,2063.87
3/5/21,2101.2
3/8/21,2228.86
3/9/21,2339.9
3/10/21,2379.78
3/11/21,2429.41
3/12/21,2367.38
3/15/21,2370.09
3/16/21,2353.79
3/17/21,2443.87
3/18/21,2399.06
3/19/21,2482.84
3/22/21,2346.32
3/23/21,2321.61
3/24/21,2284.15
3/25/21,2198.94
3/26/21,2277.62
3/29/21,2437.03
3/30/21,2496.12
3/31/21,2486.84
4/1/21,2531.92
4/2/21,2554.16
4/5/21,2601.85
4/6/21,2594.01
4/7/21,2464.9
4/8/21,2559.25
4/9/21,2589.15
4/12/21,2704.35
4/13/21,2843.91
4/14/21,2807.42
4/15/21,2912.85
4/16/21,2855.94
4/19/21,2580.17
4/20/21,2655.39
4/21/21,2636.61
4/22/21,2548.23
4/23/21,2425.4
4/26/21,2568.74
4/27/21,2636.58
4/28/21,2681.48
4/29/21,2593.41
4/30/21,2765.95
5/3/21,2904.64
5/4/21,2809.52
5/5/21,2949.47
5/6/21,2935.76
5/7/21,2988.5
5/10/21,2997.74
5/11/21,3075.92
5/12/21,2992.35
5/13/21,2679.29
5/14/21,2849.81
5/17/21,2500.4
5/18/21,2476.81
5/19/21,2072.17
5/20/21,2146.04
5/21/21,1862.44
5/24/21,2043.7
5/25/21,1928.74
5/26/21,2053.46
5/27/21,2070.9
5/28/21,1895.32
5/31/21,1963.49
6/1/21,1923.57
6/2/21,2055.84
6/3/21,2092.61
6/4/21,1995.11
6/7/21,1960.09
6/8/21,1798.09
6/9/21,1925.85
6/10/21,1906.99
6/11/21,1902.19
6/14/21,2021.97
6/15/21,2027.97
6/16/21,1956.61
6/17/21,1906.95
6/18/21,1778
6/21/21,1616.89
6/22/21,1569.94
6/23/21,1598.36
6/24/21,1706.08
6/25/21,1574.93
6/28/21,1705.71
6/29/21,1802.9
6/30/21,1749.86
7/1/21,1659.24
7/2/21,1669.29
7/5/21,1734.43
7/6/21,1754.19
7/7/21,1792.07
7/8/21,1683.2
7/9/21,1690.22
7/12/21,1638.09
7/13/21,1596.35
7/14/21,1619
7/15/21,1565.99
7/16/21,1568.84
7/19/21,1495.9
7/20/21,1449.27
7/21/21,1548.34
7/22/21,1603.83
7/23/21,1589.91
7/26/21,1918.93
7/27/21,1816
7/28/21,1916.7
7/29/21,1899.13
7/30/21,1914.77
8/2/21,1959.77
8/3/21,1899.87
8/4/21,2006.01
8/5/21,2056.77
8/6/21,2157.45
8/9/21,2299.82
8/10/21,2297.67
8/11/21,2387.92
8/12/21,2265.86
8/13/21,2386.15
8/16/21,2409.18
8/17/21,2368.97
8/18/21,2331.16
8/19/21,2441.73
8/20/21,2541.55
8/23/21,2603.23
8/24/21,2536.45
8/25/21,2548.29
8/26/21,2448.42
8/27/21,2548.62
8/30/21,2590.84
8/31/21,2563.38
9/1/21,2663.41
9/2/21,2728.54
9/3/21,2810.32
9/6/21,2868.35
9/7/21,2523.37
9/8/21,2557.13
9/9/21,2557.78
9/10/21,2495.62
9/13/21,2457.36
9/14/21,2527.64
9/15/21,2635.27
9/16/21,2607.71
9/17/21,2565.91
9/20/21,2330.62
9/21/21,2220.12
9/22/21,2331.97
9/23/21,2412.09
9/24/21,2266.19
9/27/21,2287.86
9/28/21,2193.09
9/29/21,2180.97
9/30/21,2304.25
10/1/21,2542.48
10/4/21,2611.34
10/5/21,2677.32
10/6/21,2806.74
10/7/21,2784.38
10/8/21,2806.22
10/11/21,2830.82
10/12/21,2761.16
10/13/21,2850.64
10/14/21,2927.48
10/15/21,3056.07
10/18/21,3018.69
10/19/21,3110.66
10/20/21,3268
10/21/21,3150.92
10/22/21,3094.35
10/25/21,3190.68
10/26/21,3190.04
10/27/21,3008.23
10/28/21,3145.87
10/29/21,3228.98
11/1/21,3203.59
11/2/21,3316.37
11/3/21,3333.94
11/4/21,3256.23
11/5/21,3268.29
11/8/21,3492.07
11/9/21,3542.85
11/10/21,3438.48
11/11/21,3429.92
11/12/21,3385.69
11/15/21,3364.32
11/16/21,3118.48
11/17/21,3162.41
11/18/21,3017.14
11/19/21,3083.99
11/22/21,2982.5
11/23/21,3128.18
11/24/21,3063.01
11/25/21,3172.37
11/26/21,2930.61
11/29/21,3109.29
11/30/21,3142.4
12/1/21,3112.9
12/2/21,3129.94
12/3/21,2931.45
12/6/21,2714.44
12/7/21,2796.65
12/8/21,2845.15
12/9/21,2662.38
12/10/21,2664.46
12/13/21,2509.82
12/14/21,2569.53
12/15/21,2688.84
12/16/21,2638.07
12/17/21,2537.22
12/20/21,2609.57
12/21/21,2687.33
12/22/21,2725.78
12/23/21,2837.21
12/24/21,2834.09
12/27/21,2877.03
12/28/21,2672.28
12/29/21,2640.01
12/30/21,2628.1
12/31/21,2549.49
1/3/22,2584.34
1/4/22,2620.96
1/5/22,2463.13
1/6/22,2416.58
1/7/22,2313.77
1/10/22,2255.67
1/11/22,2343.4
1/12/22,2433.36
1/13/22,2372.6
1/14/22,2395.29
1/17/22,2335.85
1/18/22,2291.19
1/19/22,2275.5
1/20/22,2333.66
1/21/22,2050.55
1/24/22,1916.53
1/25/22,1897.93
1/26/22,1916.36
1/27/22,1817.3
1/28/22,1922.39
1/31/22,1980.87
2/1/22,2004.82
2/2/22,1965.19
2/3/22,1888.73
2/4/22,2107.63
2/7/22,2302.18
2/8/22,2281.69
2/9/22,2335.72
2/10/22,2271.28
2/11/22,2155.88
2/14/22,2132.21
2/15/22,2256.09
2/16/22,2263.97
2/17/22,2095.46
2/18/22,2040.52
2/21/22,1935.72
2/22/22,1904.72
2/23/22,1914.29
2/24/22,1927.13
2/25/22,1973.64
2/28/22,2097.58
3/1/22,2199.93
3/2/22,2178.01
3/3/22,2089.13
3/4/22,1967.29
3/7/22,1862.53
3/8/22,1912.2
3/9/22,2052.76
3/10/22,1974.08
3/11/22,1906.13
3/14/22,1911.33
3/15/22,1968.33
3/16/22,2028.44
3/17/22,2049.71
3/18/22,2114.14
3/21/22,2092.73
3/22/22,2143.13
3/23/22,2148.47
3/24/22,2246.82
3/25/22,2249.99
3/28/22,2451.55
3/29/22,2444.27
3/30/22,2431.67
3/31/22,2354.61
4/1/22,2431.68
4/4/22,2418.76
4/5/22,2415.48
4/6/22,2267.01
4/7/22,2253.66
4/8/22,2228.42
4/11/22,2062.48
4/12/22,2036.96
4/13/22,2125.39
4/14/22,2060.04
4/15/22,2089.03
4/18/22,2092.33
4/19/22,2146.18
4/20/22,2128.35
4/21/22,2118.06
4/22/22,2050.2
4/25/22,2071.29
4/26/22,1961.78
4/27/22,1983.93
4/28/22,2038.03
4/29/22,1946.98
5/2/22,1942.68
5/3/22,1902.75
5/4/22,2030.47
5/5/22,1856.67
5/6/22,1841.91
5/9/22,1541.68
5/10/22,1570.4
5/11/22,1389.73
5/12/22,1328.35
5/13/22,1415.32
5/16/22,1396.26
5/17/22,1418.59
5/18/22,1371.83
5/19/22,1391.01
5/20/22,1367.2
5/23/22,1368.23
5/24/22,1369.75
5/25/22,1373.08
5/26/22,1327.58
5/27/22,1292.54
5/30/22,1391.6
5/31/22,1424.45
6/1/22,1348.92
6/2/22,1356.11
6/3/22,1314
6/6/22,1392.59
6/7/22,1377.48
6/8/22,1339.16
6/9/22,1333.93
6/10/22,1274.6
6/13/22,998.45
6/14/22,968.85
6/15/22,955.67
6/16/22,914.36
6/17/22,904.27
6/20/22,902.28
6/21/22,934.29
6/22/22,900.12
6/23/22,939.48
6/24/22,977.96
6/27/22,954.36
6/28/22,925.62
6/29/22,912.66
6/30/22,852.29
7/1/22,876.35
7/4/22,904.1
7/5/22,925.32
7/6/22,926.95
7/7/22,992.55
7/8/22,988.33
7/11/22,927.74
7/12/22,871.55
7/13/22,886.11
7/14/22,943.36
7/15/22,976.33
7/18/22,1035.74
7/19/22,1113.75
7/20/22,1112.13
7/21/22,1105.65
7/22/22,1073.49
7/25/22,1041.73
7/26/22,983.02
7/27/22,1091.98
7/28/22,1156.04
7/29/22,1165.46
8/1/22,1115.72
8/2/22,1118.42
8/3/22,1143.05
8/4/22,1102.51
8/5/22,1138.58
8/8/22,1195.73
8/9/22,1145.73
8/10/22,1192.54
8/11/22,1224.16
8/12/22,1229.69
8/15/22,1212.75
8/16/22,1209.02
8/17/22,1176.38
8/18/22,1180.41
8/19/22,1075.99
8/22/22,1043.22
8/23/22,1076.22
8/24/22,1088.15
8/25/22,1091.21
8/26/22,1026.24
8/29/22,1004.12
8/30/22,1002.15
8/31/22,1016.4
9/1/22,1002.34
9/2/22,1003.53
9/5/22,1005.93
9/6/22,971.74
9/7/22,979.26
9/8/22,1010.5
9/9/22,1083.08
9/12/22,1117.57
9/13/22,1025.14
9/14/22,1014.67
9/15/22,989.12
9/16/22,971.13
9/19/22,953.82
9/20/22,935.19
9/21/22,930.98
9/22/22,943.6
9/23/22,924.61
9/26/22,942.69
9/27/22,935.43
9/28/22,952.17
9/29/22,948.5
9/30/22,951.95
10/3/22,949.54
10/4/22,980.28
10/5/22,974.57
10/6/22,972.61
10/7/22,948.91
10/10/22,935.68
10/11/22,918.45
10/12/22,924.68
10/13/22,927.9
10/14/22,923
10/17/22,942
10/18/22,927.2
10/19/22,926.43
10/20/22,913.41
10/21/22,921.75
10/24/22,935.37
10/25/22,996.8
10/26/22,1021.56
10/27/22,1018.08
10/28/22,1020.67
10/31/22,1023.57
11/1/22,1026.27
11/2/22,1008.81
11/3/22,1019.52
11/4/22,1074.86
11/7/22,1055.33
11/8/22,901.55
11/9/22,821.24
11/10/22,896.77
11/11/22,828.6
11/14/22,803.62
11/15/22,830.65
11/16/22,812.79
11/17/22,813.47
11/18/22,814.51
11/21/22,762.17
11/22/22,780.51
11/23/22,814.32
11/24/22,817.28
11/25/22,817.04
11/28/22,802.15
11/29/22,818.8
11/30/22,851.42
12/1/22,839.88
12/2/22,848.2
12/5/22,837.61
12/6/22,838.4
12/7/22,825.62
12/8/22,846.8
12/9/22,840.15
12/12/22,835.6
12/13/22,862.07
12/14/22,859.66
12/15/22,841.46
12/16/22,807.27
12/19/22,785.1
12/20/22,801.5
12/21/22,796.63
12/22/22,797.73
12/23/22,799.37
12/26/22,799.95
12/27/22,793.36
12/28/22,785.74
12/29/22,784.36
12/30/22,784.86
1/2/23,799.79
1/3/23,796.01
1/4/23,811.4
1/5/23,814.29
1/6/23,817.17
1/9/23,847.13
1/10/23,861.32
1/11/23,862.8
1/12/23,925.25
1/13/23,938.09
1/16/23,1025.59
1/17/23,1029.65
1/18/23,989.61
1/19/23,1009.02
1/20/23,1064.42
1/23/23,1090.01
1/24/23,1085.53
1/25/23,1075.54
1/26/23,1088.56
1/27/23,1089.4
1/30/23,1063.94
1/31/23,1085.96
2/1/23,1110.53
2/2/23,1135.8
2/3/23,1116.57
2/6/23,1105.41
2/7/23,1117.25
2/8/23,1100.52
2/9/23,1056.4
2/10/23,1039.87
2/13/23,1023.34
2/14/23,1058.63
2/15/23,1138.41
2/16/23,1153.58
2/17/23,1172.1
2/20/23,1174.33
2/21/23,1153.79
2/22/23,1122.04
2/23/23,1133.98
2/24/23,1099
2/27/23,1101.71
2/28/23,1099.44
3/1/23,1106.89
3/2/23,1105.4
3/3/23,1051.73
3/6/23,1049.57
3/7/23,1035.4
3/8/23,1037.33
3/9/23,945.02
3/10/23,944.89
3/13/23,1125.59
3/14/23,1158.11
3/15/23,1114.82
3/16/23,1143.24
3/17/23,1208.04
3/20/23,1230.55
3/21/23,1250.68
3/22/23,1186.72
3/23/23,1258.02
3/24/23,1226.09
3/27/23,1182.81
3/28/23,1215.19
3/29/23,1249.94
3/30/23,1230.16
3/31/23,1255.23
4/3/23,1242.1
4/4/23,1254
4/5/23,1262.93
4/6/23,1249.24
4/7/23,1242.01
4/10/23,1282.63
4/11/23,1313.8
4/12/23,1302.63
4/13/23,1341.61
4/14/23,1358.68
4/17/23,1340.15
4/18/23,1361.66
4/19/23,1307.07
4/20/23,1260.35
4/21/23,1217.9
4/24/23,1222.37
4/25/23,1228.8
4/26/23,1232.25
4/27/23,1301.81
4/28/23,1284.17
5/1/23,1226.83
5/2/23,1261.07
5/3/23,1248.55
5/4/23,1265.71
5/5/23,1305.27
5/8/23,1203.05
5/9/23,1217.77
5/10/23,1219.33
5/11/23,1179.36
5/12/23,1172.35
5/15/23,1209.72
5/16/23,1191.88
5/17/23,1210.97
5/18/23,1183.27
5/19/23,1189.49
5/22/23,1190.56
5/23/23,1205.94
5/24/23,1166.47
5/25/23,1175.44
5/26/23,1189.58
5/29/23,1225.11
5/30/23,1234.5
5/31/23,1200.53
6/1/23,1197.56
6/2/23,1217.02
6/5/23,1143.28
6/6/23,1199.97
6/7/23,1165.73
6/8/23,1167.51
6/9/23,1155.74
6/12/23,1103.03
6/13/23,1109.66
6/14/23,1109.15
6/15/23,1083.21
6/16/23,1118.16
6/19/23,1126.99
6/20/23,1174.46
6/21/23,1252.7
6/22/23,1256.32
6/23/23,1281.18
6/26/23,1254.04
6/27/23,1273.32
6/28/23,1238.47
6/29/23,1260.52
6/30/23,1274.8
7/3/23,1312.61
7/4/23,1287.96
7/5/23,1271.44
7/6/23,1265.19
7/7/23,1259.89
7/10/23,1285.62
7/11/23,1273.62
7/12/23,1263.58
7/13/23,1338.73
7/14/23,1276.55
7/17/23,1263.67
7/18/23,1257.87
7/19/23,1274.43
7/20/23,1262.78
7/21/23,1269.34
7/24/23,1233.27
7/25/23,1236.42
7/26/23,1247.45
7/27/23,1238.85
7/28/23,1247.37
7/31/23,1236.79
8/1/23,1240.12
8/2/23,1230.86
8/3/23,1233.37
8/4/23,1223.13
8/7/23,1225.64
8/8/23,1255.98
8/9/23,1240.05
8/10/23,1239.69
8/11/23,1237.27
8/14/23,1236.68
8/15/23,1223.89
8/16/23,1216.93
8/17/23,1167.46
8/18/23,1098.61
8/21/23,1102.17
8/22/23,1081.57
8/23/23,1121.81
8/24/23,1096.84
8/25/23,1093.73
8/28/23,1095.33
8/29/23,1164.94
8/30/23,1137.65
8/31/23,1099.05
9/1/23,1077.05
9/4/23,1087.05
9/5/23,1081.72
9/6/23,1081.62
9/7/23,1087.94
9/8/23,1087.52
9/11/23,1039.77
9/12/23,1081.45
9/13/23,1084.57
9/14/23,1107.04
9/15/23,1097.71
9/18/23,1115.4
9/19/23,1127.31
9/20/23,1113.81
9/21/23,1098.32
9/22/23,1096.21
9/25/23,1091.3
9/26/23,1088.07
9/27/23,1089.84
9/28/23,1126.44
9/29/23,1123.25
10/2/23,1155.2
10/3/23,1130.67
10/4/23,1137.81
10/5/23,1129.83
10/6/23,1149.61
10/9/23,1122.72
10/10/23,1114.37
10/11/23,1095.51
10/12/23,1087.13
10/13/23,1092.64
10/16/23,1150.07
10/17/23,1145.26
10/18/23,1136.54
10/19/23,1151.81
10/20/23,1182.89
10/23/23,1258.53
10/24/23,1334.45
10/25/23,1364.56
10/26/23,1344.47
10/27/23,1332.56
10/30/23,1363.62
10/31/23,1367.28
11/1/23,1378.66
11/2/23,1387.87
11/3/23,1374.09
11/6/23,1416.5
11/7/23,1434.16
11/8/23,1434.55
11/9/23,1479.14
11/10/23,1519.45
11/13/23,1509.54
11/14/23,1444.66
11/15/23,1534.02
11/16/23,1466.84
11/17/23,1475.43
11/20/23,1525.92
11/21/23,1491.03
11/22/23,1528.32
11/23/23,1514.66
11/24/23,1536.12
11/27/23,1484.43
11/28/23,1542.42
11/29/23,1517.65
11/30/23,1523.3
12/1/23,1560.62
12/4/23,1665.26
12/5/23,1726.29
12/6/23,1729
12/7/23,1732.87
12/8/23,1785.38
12/11/23,1657.78
12/12/23,1672.88
12/13/23,1737.89
12/14/23,1744.96
12/15/23,1719.92
12/18/23,1693.07
12/19/23,1698.14
12/20/23,1742.18
12/21/23,1782.18
12/22/23,1795.42
12/25/23,1801.47
12/26/23,1753.78
12/27/23,1824.2
12/28/23,1791.23
12/29/23,1766.24
1/1/24,1826.7
1/2/24,1853.64
1/3/24,1762.44
1/4/24,1816.99
1/5/24,1792.92
1/8/24,1873.18
1/9/24,1843.41
1/10/24,1878.76
1/11/24,1917.59
1/12/24,1837.5
1/15/24,1812.09
1/16/24,1828.77
1/17/24,1805.77
1/18/24,1724.7
1/19/24,1753.55
1/22/24,1684.17
1/23/24,1622.23
1/24/24,1637.12
1/25/24,1651.16
1/26/24,1723.76
1/29/24,1776.51
1/30/24,1800.61
1/31/24,1746.99
2/1/24,1762.01
2/2/24,1764.78
2/5/24,1745.39
2/6/24,1780.91
2/7/24,1821.5
2/8/24,1862
2/9/24,1930.85
2/12/24,2037.23
2/13/24,2011.83
2/14/24,2103
2/15/24,2117.17
2/16/24,2110.99
2/19/24,2143.79
2/20/24,2149.67
2/21/24,2101.21
2/22/24,2159.33
2/23/24,2122.03
2/26/24,2265.24
2/27/24,2341.72
2/28/24,2439.59
2/29/24,2517.34
3/1/24,2556.85
3/4/24,2728.13
3/5/24,2507.63
3/6/24,2765.96
3/7/24,2816.28
3/8/24,2863.74
3/11/24,2966.12
3/12/24,2953.84
3/13/24,3033.45
3/14/24,2870.76
3/15/24,2856.93
3/18/24,2753.03
3/19/24,2646.99
3/20/24,2698.68
3/21/24,2694.42
3/22/24,2639.47
3/25/24,2920.82
3/26/24,2856.4
3/27/24,2814.42
3/28/24,2892.87
3/29/24,2861.73
4/1/24,2844
4/2/24,2692.01
4/3/24,2686.5
4/4/24,2778.89
4/5/24,2728.5
4/8/24,2923.78
4/9/24,2810.16
4/10/24,2834.47
4/11/24,2843.3
4/12/24,2638.44
4/15/24,2507.91
4/16/24,2472.06
4/17/24,2421.8
4/18/24,2508.08
4/19/24,2543.69
4/22/24,2645.17
4/23/24,2650.85
4/24/24,2557.05
4/25/24,2579.79
4/26/24,2541.29
4/29/24,2515.38
4/30/24,2349.26
5/1/24,2298.09
5/2/24,2391.22
5/3/24,2487.07
5/6/24,2525.37
5/7/24,2513.92
5/8/24,2475.66
5/9/24,2496.46
5/10/24,2424.87
5/13/24,2499.53
5/14/24,2432.61
5/15/24,2592.07
5/16/24,2553.09
5/17/24,2639.7
5/20/24,2789.09
5/21/24,2808.14
5/22/24,2821.87
5/23/24,2744.23
5/24/24,2794.97
5/27/24,2820.69
5/28/24,2793.45
5/29/24,2745.71
5/30/24,2783.79
5/31/24,2753.07
6/3/24,2800.99
6/4/24,2852.98
6/5/24,2897.64
6/6/24,2857.41
6/7/24,2785.93
6/10/24,2777.44
6/11/24,2672.74
6/12/24,2691.72
6/13/24,2650.19
6/14/24,2596.32
6/17/24,2651.35
6/18/24,2538.3
6/19/24,2584.58
6/20/24,2586.92
6/21/24,2561.3
6/24/24,2384.02
6/25/24,2494.66
6/26/24,2464.13
6/27/24,2491.79
6/28/24,2434.65
7/1/24,2540.73
7/2/24,2501.26
7/3/24,2396.94
7/4/24,2321.54
7/5/24,2241.77
7/8/24,2254.5
7/9/24,2308.09
7/10/24,2304.67
7/11/24,2303.08
7/12/24,2314.9
7/15/24,2542.15
7/16/24,2605.69
7/17/24,2576.5
7/18/24,2539.12
7/19/24,2672.21
7/22/24,2700.93
7/23/24,2606.25
7/24/24,2595.96
7/25/24,2513.74
7/26/24,2644.81
7/29/24,2633.16
7/30/24,2579.79
7/31/24,2559.99
8/1/24,2469.51
8/2/24,2416.16
8/5/24,2032.12
8/6/24,2156.85
8/7/24,2072.77
8/8/24,2250.05
8/9/24,2287.1
8/12/24,2248.98
8/13/24,2309.62
8/14/24,2252.22
8/15/24,2176.48
8/16/24,2258.47
8/19/24,2248.12
8/20/24,2270.96
8/21/24,2337.29
8/22/24,2301.33
8/23/24,2423.32
8/26/24,2393.52
8/27/24,2343.48
8/28/24,2231.94
8/29/24,2241
8/30/24,2217.9
9/2/24,2206.33
9/3/24,2179.03
9/4/24,2178.66
9/5/24,2106.27
9/6/24,2011.83
9/9/24,2152.8
9/10/24,2182.66
9/11/24,2165.1
9/12/24,2195.06
9/13/24,2242.1
9/16/24,2158
9/17/24,2227.52
9/18/24,2221.63
9/19/24,2348.59
9/20/24,2352.87
9/23/24,2399.83
9/24/24,2428.65
9/25/24,2385.25
9/26/24,2449.31
9/27/24,2490.82
9/30/24,2401.2
10/1/24,2315.32
10/2/24,2248.59
10/3/24,2266.72
10/4/24,2326.58
10/7/24,2361.58
10/8/24,2326.65
10/9/24,2283.53
10/10/24,2236.51
10/11/24,2353.6
10/14/24,2465.85
10/15/24,2485.05
10/16/24,2506.26
10/17/24,2470.47
10/18/24,2534.13
10/21/24,2525.4
10/22/24,2507.44
10/23/24,2458.02
10/24/24,2518.45
10/25/24,2454.67
10/28/24,2535.23
10/29/24,2636.31
10/30/24,2619.45
10/31/24,2533.26
11/1/24,2513.41
11/4/24,2427.31
11/5/24,2496.4
11/6/24,2741.75
11/7/24,2797.14
11/8/24,2807.57
11/11/24,3196.77
11/12/24,3239.36
11/13/24,3211.16
11/14/24,3147.65
11/15/24,3256.96
11/18/24,3308.61
11/19/24,3322.37
11/20/24,3355.03
11/21/24,3515.05
11/22/24,3554.42
11/25/24,3501.53
11/26/24,3353.89
11/27/24,3575.3
11/28/24,3513.86
11/29/24,3604.81
12/2/24,3588.49
12/3/24,3629.41
12/4/24,3775.3
12/5/24,3762.61
12/6/24,3880.75
12/9/24,3616.14
12/10/24,3582.07
12/11/24,3782.34
12/12/24,3773.02
12/13/24,3818.29
12/16/24,3925.16
12/17/24,3928.5
12/18/24,3687.26
12/19/24,3477.42
12/20/24,3496.52
12/23/24,3420.99
12/24/24,3543.55
12/25/24,3594.27
12/26/24,3454.76
12/27/24,3435.97
12/30/24,3441
12/31/24,3399.89
1/1/25,3450.94
1/2/25,3548.67
1/3/25,3632.57
1/6/25,3754.64
1/7/25,3517.33
1/8/25,3412.43
1/9/25,3329.99
1/10/25,3426.65
1/13/25,3348.61
1/14/25,3460.54
1/15/25,3602.64
1/16/25,3630.35
1/17/25,3786.71
1/20/25,3690.04
1/21/25,3769.18
1/22/25,3717.94
1/23/25,3671.06
1/24/25,3724.92
1/27/25,3576.75
1/28/25,3547.74
1/29/25,3642.63
1/30/25,3691.53
1/31/25,3616.08
2/3/25,3428.67
2/4/25,3350.95
2/5/25,3312.02
2/6/25,3287.76
2/7/25,3227.41
2/10/25,3311.31
2/11/25,3248.14
2/12/25,3321.55
2/13/25,3291.99
2/14/25,3334.09
2/17/25,3283.68
2/18/25,3194.97
2/19/25,3271.04
2/20/25,3348.09
2/21/25,3225.67
2/24/25,3180.33
2/25/25,2996.47
2/26/25,2869.83
2/27/25,2831.11
2/28/25,2849.61
3/3/25,2880.29
3/4/25,2897.51
3/5/25,3022.38
3/6/25,2975.57
3/7/25,2915.45
3/10/25,2609.96
3/11/25,2740.87
3/12/25,2723.7
3/13/25,2646.7
3/14/25,2787.58
3/17/25,2797.8
3/18/25,2730.85
3/19/25,2840.46
3/20/25,2794.38
3/21/25,2787.16
3/24/25,2929.33
3/25/25,2927.77
3/26/25,2863.22
3/27/25,2880.09
3/28/25,2750.49
3/31/25,2694.47
4/1/25,2773.87
4/2/25,2824.06
4/3/25,2657.93
4/4/25,2722.16
4/7/25,2494.66
4/8/25,2442.88
4/9/25,2643.05
4/10/25,2544.76
4/11/25,2672.15
4/14/25,2717.19
4/15/25,2681.1
4/16/25,2688.2
4/17/25,2698.66
4/18/25,2697.31
4/21/25,2769.25
4/22/25,2901.16
4/23/25,2975.85
4/24/25,2979.19
4/25/25,3029.9
4/28/25,3018.17
4/29/25,3033.46
4/30/25,2985.3
5/1/25,3061.26
5/2/25,3063.84
5/5/25,2984.7
5/6/25,2991.31
5/7/25,3019.61
5/8/25,3229.73
5/9/25,3331.6
5/12/25,3342.94
5/13/25,3464.68
5/14/25,3402.35
5/15/25,3366.38
5/16/25,3394.94
5/19/25,3405.5
5/20/25,3437.54
5/21/25,3489.12
5/22/25,3585.28
5/23/25,3503.01
5/26/25,3498.34
5/27/25,3550.07
5/28/25,3449.09
5/29/25,3424.44
5/30/25,3368.61
6/2/25,3345.77
6/3/25,3422.73
6/4/25,3377.15
6/5/25,3267.9
6/6/25,3325.02
6/9/25,3465.15
6/10/25,3530.31
6/11/25,3514.93
6/12/25,3430.15
6/13/25,3343.07
6/16/25,3477.87
6/17/25,3336.44
6/18/25,3296.62
6/19/25,3314.71
6/20/25,3268.66
6/23/25,3240.98
6/24/25,3338.43
6/25/25,3386.57
6/26/25,3369.44
6/27/25,3346.87
6/30/25,3420.34
7/1/25,3317.92
7/2/25,3474.38
7/3/25,3473.9
7/4/25,3386.58
7/7/25,3421.39
7/8/25,3454.19
7/9/25,3566.17
7/10/25,3626.28
7/11/25,3813.51
7/14/25,3858.79
7/15/25,3774.8
7/16/25,3927.63
7/17/25,3944.17
7/18/25,3947.92
7/21/25,3992.8
7/22/25,4042.74
7/23/25,3966.87
7/24/25,4005.19
7/25/25,3922.44
7/28/25,4000.6
7/29/25,3965.73
7/30/25,3939.24
7/31/25,3929.05
8/1/25,3794.16
8/4/25,3857.45
8/5/25,3799.1
8/6/25,3872.57
8/7/25,3968.99
8/8/25,4004.61
8/11/25,4078.31
8/12/25,4163.65
8/13/25,4288.33
8/14/25,4113.79
8/15/25,4057.32
8/18/25,4047.38
8/19/25,3910.04
8/20/25,4000.72
8/21/25,3910.33
8/22/25,4155.66
8/25/25,3908.78
8/26/25,3971.41
8/27/25,3989.55
8/28/25,3964.75
8/29/25,3842.49
9/1/25,3861.97
9/2/25,3894.92
9/3/25,3972.06
9/4/25,3863.46
9/5/25,3928.93
9/8/25,3961.06
9/9/25,3947.01
9/10/25,4013.94
9/11/25,4060.44
9/12/25,4172.75
9/15/25,4086.78
9/16/25,4139.49
9/17/25,4118.16
9/18/25,4201.16
9/19/25,4095.45
9/22/25,3938.68
9/23/25,3933.75
9/24/25,3988.69
9/25/25,3810.31
9/26/25,3830.88
9/29/25,3999.07
9/30/25,3985.17
10/1/25,4109.63
10/2/25,4245.73
10/3/25,4302.85
10/6/25,4407.06
10/7/25,4260.9
10/8/25,4324.21
10/9/25,4205.71
10/10/25,4029.98
10/13/25,4035.17
10/14/25,3903.03
10/15/25,3833.42
10/16/25,3722.61
10/17/25,3650.78
10/20/25,3811.85
10/21/25,3835.67
10/22/25,3686.42
10/23/25,3769.29
10/24/25,3795.19
10/27/25,3963.53
10/28/25,3901.03
10/29/25,3805.56
10/30/25,3628.61
10/31/25,3762.7
11/3/25,3577.49
11/4/25,3356.35
11/5/25,3497.33
11/6/25,3385.76
11/7/25,3522.52
11/10/25,3606.91
11/11/25,3482.41
11/12/25,3440.49
11/13/25,3301.04
11/14/25,3201.1
11/17/25,3100.08
11/18/25,3164.56
11/19/25,3028.22
11/20/25,2932.63
11/21/25,2851.72
11/24/25,3035.81
11/25/25,2981.23
11/26/25,3067.42
11/27/25,3107.75
11/28/25,3095.54
12/1/25,2874.73
12/2/25,3074.62
12/3/25,3155.62
12/4/25,3134.81
12/5/25,3022.49
12/8/25,3084.75
12/9/25,3175.92
12/10/25,3158.21
12/11/25,3109.61
12/12/25,3045.09
12/15/25,2894.49
12/16/25,2949.97
12/17/25,2873.92
12/18/25,2819.55
12/19/25,2960.82
12/22/25,2957.8
12/23/25,2937.57
12/24/25,2927.08
12/25/25,2937.4
12/26/25,2925.07
12/29/25,2918.43
12/30/25,2942.36
12/31/25,2932.43
1/1/26,2957.53
1/2/26,3032.81
1/5/26,3199.59
1/6/26,3153.46
1/7/26,3090.72
1/8/26,3079
1/9/26,3054.2
1/12/26,3088.14
1/13/26,3191.36
1/14/26,3296.97
1/15/26,3206.21
1/16/26,3221.2
1/19/26,3132.66
1/20/26,2999.17
1/21/26,3025.69
1/22/26,2986.77
1/23/26,2986.5